index,subject ,Q,A
1,采购经理,采购经理调查报表可以拒绝吗？,"采购经理调查是由国家统计局各调查总队负责催报和审核，国家统计局服务业统计司负责数据汇总的统计调查活动，旨在监测宏观经济运行和企业生产经营状况，为宏观调控和企业经营提供参考依据。

1.法律依据，根据《中华人民共和国统计法》和相关采购经理调查统计报表制度的规定，采购经理调查报表是依法开展的统计调查活动，具有法律强制性。《中华人民共和国统计法》第八条规定国家机关、企业事业单位和其他组织以及个体工商户和 个人等统计调查对象，统计调查对象必须依照本法和国家有关规定，真实、准确、完整、及时地提供统计调查所需的资料，不得提供不真实或不完整的统计资料，不得迟报、拒报统计资料。
2.填报责任，填报采购经理调查问卷的主要责任人为制造业企业的采购（或供应）经理，或非制造业企业的主管运营的负责人或采购（或供应）经理。如果企业拒报或迟报统计资料，经多次催报仍未报送的企业，可按照《统计法》有关规定进行处理。例如，根据统计法，统计调查对象提供不真实或不完整统计资料的，将被责令改正，并可能受到警告、罚款等行政处罚。
3.特殊情况的处理，如果企业确实存在无法独立填报的情况，可以由相关负责人将各部门信息收集后统一上报，或者与统计部门联系寻求帮助。对于因特殊情况不能实现直报的企业，可以与调查队或受委托的县级统计部门联系，通过统计云平台以代报方式上报数据，代报机构需将加盖企业公章的纸质报表及代报委托书存档。

采购经理调查报表是依法开展的统计调查活动，具有法律强制性。企业必须按照规定填报，不得拒绝或拖延。如果企业确实存在困难，可以通过与统计部门沟通寻求解决方案，但不能以任何理由拒绝填报。"
2,采购经理,采购经理调查报表中企业有海外客户算出口吗?,出口业务是指经过洽谈，收到国外（客户）正式的订单（需求），并按订单安排生产计划。如果与海外客户有上述业务往来，可以算出口。
3,采购经理,采购经理调查调查企业上报平台网址是什么?,"采购经理调查的企业上报平台网址是 https://tjy.stats.gov.cn。该平台用于制造业和非制造业企业的采购经理或相关负责人填报调查问卷。以下是相关信息的总结：
1. 制造业和非制造业采购经理调查问卷的填报，制造业企业的采购经理通过该平台或移动终端报送数据，填报时间为每月22-25日（16:00前）。非制造业企业的填报流程和时间与此类似。
2. 年报和月报的填报方式 ，年报（如企业基本情况调查表）和月报（如制造业和非制造业采购经理调查问卷）均通过该平台进行网上直报。年报的填报时间为每年4月15日前，月报的填报时间则为每月22-25日。
3. 特殊情况的处理 ，对于不具备网上直报条件的企业，统计机构人员可以通过统计云平台以代报方式上报数据。
4. 平台功能 ，该平台支持填报、审核和数据汇总功能。填报时，平台会自动进行逻辑审核，审核通过后方可报送。如果需要进一步了解填报流程或其他相关信息，可以访问上述网址或参考相关统计报表制度文件。"
4,采购经理,采购经理调查年报上报截止时间是什么时候?,采购经理调查的年报上报截止时间为 2025年4月15日。这一时间要求适用于企业基本情况调查表的填报，由全部样本单位负责完成，通过网上直报的方式提交。此外，年报的内容涵盖了企业的基本情况，包括单位详细名称、统一社会信用代码、法定代表人、联系电话、详细地址、区划代码、邮政编码、登记注册统计类别、国有控股情况、单位规模、行业代码、年营业收入、主营业务收入、资产总计、年末从业人员和主要业务活动等。
5,采购经理,采购经理调查年报上报时间从什么时候开始?,采购经理调查的年报上报时间是从每年的4月1日开始
6,采购经理,采购经理调查年报支持手机端上报吗?,采购经理调查的年报主要通过网上直报的方式进行，支持电脑端的填报，而年报目前不支持手机端上报。 年报填报方式，年报通过网上直报的方式进行，具体填报时间为2025年4月15日前，由采购经理调查的全部样本单位完成。手机端主要用于月报的填报，而非年报。例如，制造业和非制造业的月报可以通过网上直报或移动终端进行填报。
7,采购经理,采购经理调查上报平台密码忘记无法登入调查问卷怎么办?,"如果企业在采购经理调查上报平台中忘记密码，无法登录调查问卷，可以按照以下步骤进行解决：
一、密码重置
1. 通过管理员端重置密码：企业可以联系统计机构的管理员，通过管理员端为企业重新设置密码。具体操作流程如下，管理员登录系统后，进入“直报用户管理”模块；选择需要重置密码的企业，输入企业组织机构代码，勾选企业后点击“密码重置”；重置后的初始密码通常为企业组织机构代码或默认密码。
2. 多次重置密码无效的处理：如果多次重置密码后仍无法登录，可能是企业账号下存在多个调查制度，导致其他填报人员修改了密码。此时需要企业内部沟通解决，或联系统计机构进一步处理。
二、证书安装问题
1. 证书安装错误：如果企业未安装根证书或用户证书安装不正确，可能导致登录失败。解决方法是，下载并安装根证书和用户证书，确保证书文件后缀名为`.pfx`（如果下载后为`.zip`，需手动修改后缀名）；安装完成后，重启计算机以确保证书生效。
2. 浏览器设置问题：如果浏览器启用了ssl2.0协议，可能导致登录失败。解决方法是，打开浏览器设置，取消ssl2.0协议的勾选。
三、其他登录问题
1. 电脑时间设置错误：如果企业电脑的时间设置不正确，可能导致证书验证失败。解决方法是重新设置电脑时间。
2. 不明原因的登录问题：如果以上方法均无法解决问题，建议联系统计联网直报平台客服寻求帮助。
四、数据代报
如果企业确实无法完成登录，统计机构可以根据企业提供的凭据进行数据代报，并详细记录情况说明。代报操作流程如下，统计机构登录系统后，选择“数据采集—统计机构录入”模块，输入企业的统一社会信用代码，选择相应报表进行填报。

忘记密码或登录异常时，企业应优先尝试密码重置、证书安装和浏览器设置调整等方法。如果问题仍未解决，建议联系统计机构寻求进一步帮助或进行数据代报，确保调查工作的顺利进行。"
8,采购经理,采购经理调查台账是否需要盖章?,"采购经理调查台账的管理要求主要集中在台账的内容、保存期限以及数据质量等方面，但并未明确提到台账是否需要盖章。以下是与台账管理相关的要点：
1. 台账的建立与保存，采购经理调查台账分为两类：专业工作台账和样本企业台账。专业工作台账由专职人员维护，内容包括相关文件、工作总结、分析报告等；样本企业台账由样本企业统计联系人维护，内容包括年报、月报数据等。台账需按统一格式保存，纸质台账至少保存2年。
2. 台账的审核与管理，台账内容需与实际生产经营状况一致，确保数据真实、准确。检查过程中会核实台账与上报数据是否一致，以保证数据质量。
3. 台账的电子化与备份，电子台账需定期备份，包括年报和月报数据。对于电子信息，需刻成光盘或存入数据仓库，以防数据丢失。
4. 台账的交接与归档，台账需指定专人管理，工作人员变动时需严格履行交接手续。归档工作需在年报、月报后的20个工作日内完成，包括电子和纸质资料。
虽然未明确提及台账是否需要盖章，但根据相关规定，台账作为重要的统计资料，需确保其真实性和规范性。如果需要进一步确认是否需要盖章，建议咨询相关统计部门或上级单位。"
9,采购经理,采购经理调查中本月与去年同期业务对比两年都没有新业务该选达到100吗?,"在采购经理调查中，若企业本月与去年同期均无新业务，填报“业务总量为上年同期水平的”选项时，应根据实际业务量变化情况判断是否选择“达到或超过100%”
业务总量的定义与填报要求，业务总量是指企业报告期内完成的业务活动总量，企业可以根据客户数、销售量、工程量或完成投资等实物量进行综合评价。在填报时，需要结合企业的实际业务完成情况，以及对比期的定义来判断。对于同比（本月与去年同期）的对比，填报人需要判断本月的业务总量是否达到或超过上年同期水平。如果企业报告期（本月）的业务总量与上年同期持平或有所增长，则可以选择“达到或超过100%”；如果业务总量低于上年同期水平，则应选择其他选项。
2. 两年都没有新业务的情况，如果企业报告期（本月）与上年同期都没有新业务，但业务总量与上年同期持平，则可以选择“达到或超过100%”。如果业务总量低于上年同期水平，则应根据实际情况选择“80%-100%”、“50%-80%”或“30%-50%”等选项。需要注意的是，填报人应根据企业的实际业务情况，结合对比期的定义，综合判断业务总量的变化情况。
3. 填报要求与建议，对比期的定义：对于流量问题（如业务总量），对比期为上个月；对于存量问题（如存货、从业人员等），对比期为一个月前。填报要求：填报人需要根据企业的实际业务情况，结合对比期的定义，综合判断业务总量的变化情况。如果企业报告期（本月）的业务总量与上年同期持平或有所增长，则可以选择“达到或超过100%”；如果业务总量低于上年同期水平，则应根据实际情况选择其他选项。
综上所述，如果企业报告期（本月）与上年同期都没有新业务，但业务总量与上年同期持平，则可以选择“达到或超过100%”。如果业务总量低于上年同期水平，则应根据实际情况选择其他选项。"
10,采购经理,采购经理调查中采购主管不直接填报问卷而是由统计人员将问卷问题整理好后去问采购主管应该如何勾选（例如把每月台账打印出来去问采购主管怎么选）再由统计人员进入系统填报问卷那么问卷的填报人是填采购主管的名字还是填统计人员的名字?,"根据采购经理调查的相关规定，填报人应为企业负责人或采购经理，而非统计人员。以下是具体分析和依据：
1. 填报人身份要求, 根据《采购经理调查统计报表制度》的规定，制造业采购经理调查的填报人应为企业主管采购业务活动的副总经理或负责原材料采购的部门经理，而非制造业企业的填报人应为主管运营的负责人或采购经理。统计人员的角色是协助企业完成数据整理和提交，但填报人必须是企业负责人或采购经理。
2. 填报责任, 填报人需要对企业经营、采购及相关业务活动情况的判断负责。例如，制造业采购经理需要对企业生产、订货、采购、价格、库存、人员、供应商配送等情况进行判断，而非制造业企业的负责人需要对业务总量、新订单、存货、价格、从业人员等情况进行判断。这些判断需要基于企业的实际情况，因此必须由直接参与企业运营的负责人或采购经理完成。
3. 数据真实性和可靠性,采购经理调查强调数据的真实性和可靠性。如果填报人填写为统计人员，可能导致数据来源不明确，影响数据质量。因此，统计人员在整理问卷后，应以采购主管的名义进行填报，并确保所有判断和选择符合采购主管的意愿。
4. 操作建议,统计人员在整理问卷时，应与采购主管充分沟通，确保所有选项的选择符合采购主管的判断。在系统填报时，填报人姓名应填写采购主管的姓名，并备注统计人员的协助角色（如“协助填报”）。保留与采购主管的沟通记录，以备后续审核或查询。

综上所述，填报人应填写采购主管的姓名，而不是统计人员的名字。统计人员的角色是协助完成填报工作，而非替代填报人身份。"
11,采购经理,采购经理调查中出厂价格指标升降的界定范围是什么?,采购经理调查中出厂价格指标升降的界定范围由填报人根据企业具体情况和经验进行判断。在调查中，如果填报人确实难以判断，可以参照以下界定范围要求进行填报：一般情况下，价格变化幅度在 ±2% 以内可以视为"变化不大"。
12,采购经理,采购经理调查中当企业价格要素较多时月报中的价格指标如何填报?,在采购经理调查中，当企业涉及的价格要素较多时，填报人应根据企业的实际情况与经验，选择所占比重最大的几种主要要素，使用加权平均的计算方法进行推算。需要注意的是，填报时只需进行大致估算，不要求非常精确的数据计算。例如，制造业企业可以选择主要原材料、零部件或能源的价格作为主要填报对象，而非列出所有价格要素。
13,采购经理,采购经理调查中当制造业企业价格要素较多时月报中的出厂价格指标如何填报?,在采购经理调查中，出厂价格指企业报告期内生产的符合产品质量要求的主要产品出厂价格的加权平均水平。当制造业企业的价格要素较多时，月报中的出厂价格指标填报需要综合考虑企业的实际经营情况。根据填报人的经验，应选择产量比重较大或通常认可的主要产品进行填报。这些产品应具有代表性，能够反映企业的生产和价格变化情况。由此计算主要产品出厂价格的加权平均水平，确保数据的准确性和代表性。填报时只需进行大致估算，不要求非常精确的数据计算。
14,采购经理,采购经理调查中非制造业报表中“存货”概念如何理解?,"在采购经理调查（PMI）中，非制造业报表中的“存货”概念是指企业在日常活动中持有以备出售的产成品或商品、处在生产过程中的在产品、在生产过程或提供劳务过程中耗用的材料或物料等。以下是具体解释和分类：
1. 存货的定义与范围, 存货通常包括以下内容。原材料：用于生产或提供服务的材料和物料。在产品：正处于生产过程中的产品。半成品：尚未完成最终加工的产品。产成品：已完成生产并检验合格，但尚未售出的产品。商品：尚未销售的商品或服务相关库存。周转材料：如低值易耗品等。需要注意的是，存货具有实物形态，不属于无形资产，且其持有目的是为了出售或消耗。例如，房地产开发企业购置的土地和尚未售出的商品房也计入存货。
2. 非制造业不同行业的存货表现, 在非制造业中，存货的具体表现因行业而异。非制造业中的建筑业、批发零售业、住宿业、餐饮业、房地产开发经营业、租赁业的“存货”指标，没有特殊情况均需填报；其他行业可根据企业经营的具体情况填报，如不好界定的行业可填报“没有”选项。
建筑业：为建筑工程所储备的各种原材料、物料、低值易耗品等；批发零售业：尚未销售的商品数量（若难以取得，可参照商品金额）；住宿业：客房空置率；餐饮业：食材、酒水等；房地产开发经营业：未开发土地面积、在建项目面积（不含已预售的期房面积）、已竣但尚未售出的商品房面积；租赁业：尚未出租的机械设备、图书、音像等产品的数量。文化、体育和娱乐业：待售版权、播放权、门票、体育用品、衍生产品、食品、酒水饮料等。
注：金融业“存货”和“供应商配送时间”指标填“没有”选项。

非制造业报表中的“存货”概念涵盖了企业经营活动中的多种实物形态库存，具体表现形式因行业特点而异。填报时需结合企业实际情况，参照会计数据或行业特点进行判断和估算。"
15,采购经理,采购经理调查中价格波动多少以内算变化不大？,在采购经理调查中，价格波动的界定范围是根据填报人的经验和企业具体情况来判断的。一般情况下，价格变化幅度在 ±2%以内 可以视为“变化不大”。对于其他指标（如生产量、业务总量等），变化幅度在 ±5%以内 可以视为“基本持平”或“变化不大”。这种界定范围是为了确保数据填报的科学性和准确性，同时考虑到企业的实际运营情况和市场波动的复杂性。填报人可以根据企业的具体业务情况和经验，对当月剩余时间的指标变化进行合理估算
16,采购经理,采购经理调查中母公司是上市公司子公司是否作为上市公司填报?,"在采购经理调查中，母公司的子公司是否作为上市公司填报需要根据子公司的具体情况来判断。以下是相关规则和依据：
1. 上市公司的定义, 根据采购经理调查的相关制度，上市公司是指所发行的股票经国务院授权的中国证监会批准，在境内外证券交易所上市买卖其有价证券的股份有限公司。这意味着，只有子公司本身在证券交易所上市的情况下，才符合上市公司的定义。
2. 子公司的上市身份判断, 子公司是否作为上市公司填报，取决于其是否独立上市。如果子公司的股票未在证券交易所上市交易，即使其母公司是上市公司，子公司也不算作上市公司。例如，全资子公司的上市身份需要独立判断，不能仅因其母公司的上市地位而默认为上市公司。
3. 填报要求, 在填报采购经理调查问卷时，应依据子公司的实际上市情况，而不是母公司的上市身份。如果子公司未独立上市，应按照非上市公司的规则填报相关指标。
4. 特殊情况的处理,如果子公司属于上市公司的关联方（如全资子公司或控股子公司），但未独立上市，则应按照非上市公司的标准进行填报。例如，全资子公司的上市身份需要独立判断，不能仅因其母公司的上市地位而默认为上市公司。

 综上所述，母公司的子公司是否作为上市公司填报，应依据子公司的独立上市情况。如果子公司未独立上市，则不应作为上市公司填报。"
17,采购经理,采购经理调查中企业转移生产地区本地调查的生产量算增加吗?,"根据采购经理调查的相关规定和流程，企业转移生产地区后，本地调查的生产量是否算作增加，需要结合以下几点进行判断：
1. 生产量的定义，生产量是指企业在报告期内生产的符合产品质量要求的主要产品的实物数量。调查中，生产量的判断是基于实际生产情况，而不是企业转移生产地区的行为。
2. 生产量的变化判断，生产量的变化是基于企业报告期内的实际生产情况。
3. 转移生产地区的影响，企业转移生产地区本身并不会直接导致本地调查的生产量增加。如果企业在本地的生产活动减少，例如将部分生产线转移到其他地区，本地的生产量可能会被记录为减少。相反，如果企业在本地的生产量增加，例如通过新建或扩建生产线，生产量会被记录为增加。
 企业转移生产地区本身不会直接导致本地调查的生产量增加。生产量的增加与否取决于企业在本地的实际生产情况。如果企业在本地的生产量确实增加，才会被记录为增加；如果减少，则会被记录为减少。"
18,采购经理,采购经理调查中生产量、订单量波动多少以内算变化不大?,"根据采购经理调查的相关规定，生产量、订单量等指标的变化幅度在 ±5% 以内通常被视为“基本持平”或“变化不大”。这一标准适用于制造业和非制造业的采购经理调查，用于判断企业生产经营活动的主要指标变化情况。
具体来说：
1. 生产量：企业报告期内生产的符合产品质量要求的主要产品的实物数量，如果其变化幅度在±5%以内，则被视为“基本持平”。
2. 订单量：企业报告期内接到的订货数量，包括出口订货量和国内订货量，如果其变化幅度在±5%以内，也视为“基本持平”。
需要注意的是，这些界定范围是基于填报人的经验和企业实际情况进行判断的，如果企业认为某些指标的变化幅度较小，也可以按照“基本持平”填报。"
19,采购经理,采购经理调查中外贸企业转内销还算外贸企业吗?,"在采购经理调查中，外贸企业转内销是否仍被视为外贸企业，需要结合企业的业务性质和统计标准来判断。以下是分析和结论：
1. 外贸企业的定义，根据相关统计标准，外贸企业是指直接从事进出口业务的企业，包括自营出口和委托外贸企业代理出口的商品金额。外贸企业只统计自主经营出口的商品，不包括受托代理出口的商品。
2. 转内销的业务性质，转内销是指外贸企业将原本用于出口的商品转为在国内市场销售。这种情况下，企业的销售对象从国外转为国内，但企业的业务性质仍然可能包括进出口业务，只要企业仍保留部分出口业务，仍可能被视为外贸企业。
3. 统计标准中的判断依据，根据采购经理调查的统计标准，是否有出口业务是指经过洽谈并收到国外客户正式订单，并按订单安排生产计划。即使企业转内销，只要企业仍保留部分出口业务，仍然可能被视为外贸企业。
4. 转内销对统计的影响，转内销可能会影响企业的统计分类，但并不意味着企业完全转变为内销企业。只要企业仍保留出口业务，仍可能被视为外贸企业。若外贸企业转为纯内销的零售业，需修改为“零售业”代码。
建议企业及时更新业务信息，确保统计分类与实际经营活动一致，避免因分类错误导致政策适用偏差或数据失真。"
20,采购经理,采购经理调查中主要产品价格变动指标如何界定?,"选项的界限包含“基本持平”、“变化不大”或“差别不大”选项的界限主要由企业采购经理根据自己平时的经验进行判断。一般情况下，价格变化幅度在±2%以内可以视为“变化不大”，而其他指标变化幅度在±5%以内可以视为“基本持平”或“差别不大”。故此，主要产品价格变动幅度在±2%以内可以界定为“变化不大”。

"
21,采购经理,采购经理调查主要内容及抽样方法,"为了编制中国采购经理指数，加强对国民经济活动的监测与预警能力，为国家宏观调控和企业生产经营提供参考依据和咨询建议，依照《中华人民共和国统计法》的规定，结合国际通行规则，国家统计局制定采购经理调查制度，对采购经理调查的范围、对象、内容、时间与方式、对外发布等作出统一规定，组织国家统计局各级调查队开展基础数据搜集工作，并由国家统计局服务业调查中心编制和公布月度中国采购经理指数。
一、采购经理调查主要内容
（一）调查范围
制造业和非制造业法人单位以及视同法人的产业活动单位。
（二）调查对象
制造业企业的采购（或供应）经理，即企业主管采购业务活动的副总经理或负责企业原材料采购（包括能源、中间产品、半成品和零部件）的部门经理。非制造业企业主管运营的负责人或采购（或供应）经理。
（三）调查内容
制造业企业的采购（或供应）经理对企业经营、采购及其相关业务活动情况的判断，主要包括对企业生产、订货、采购、价格、库存、人员、供应商配送、采购方式、市场预期等情况的判断，以及企业生产经营和采购过程中遇到的主要问题及建议。
非制造业企业主管运营的负责人或采购（或供应）经理对企业经营、采购及相关业务活动情况的判断，主要包括对业务总量、新订单（客户需求）、存货、价格、从业人员、供应商配送、市场预期等情况的判断，以及企业经营和采购过程中遇到的主要问题及建议。
二、抽样方法
（一）抽样总体
采购经理调查抽样框使用全国经济普查资料，以全国制造业或非制造业法人企业（或依照法人单位进行统计的产业活动单位）为总体。
（二）抽样方法
采购经理调查采用PPS抽样，以制造业或非制造业行业大类（部分行业大类进行了合并）为层，层内使用与企业主营业务收入成比例的概率估计抽样。
"
22,采购经理,采购经理年报中期末人数是12月31日这个节点的数不包含退休后仍然发放资的那退休返聘仍然在作岗位的算吗?,"从业人员期末人数 指报告期末最后一日24时在本单位中工作，并取得工资或其他形式劳动报酬的人员数。该指标为时点指标，不包括最后一日当天及以前已经与单位解除劳动合同关系的人员，是在岗职工、劳务派遣人员及其他从业人员之和。从业人员不包括，离开本单位仍保留劳动关系，并定期领取生活费的人员；利用课余时间打工的学生及在本单位实习的各类在校学生；本单位因劳务外包而使用的人员，如：建筑业整建制使用的人员。
退休返聘人员的认定，若退休人员返聘后仍在岗工作，并正常领取工资或报酬，则应计入期末人数。若退休人员虽返聘但未在12月31日当天实际在岗（如提前离职或未到岗），则不应计入。
关键的区分点。劳动关系状态，退休人员与原单位的劳动关系已解除，但返聘属于新的用工关系。只要返聘合同在年报期末有效，且实际履行工作职责，即应统计。报酬发放，需确认是否在12月31日当月实际发放了工资或报酬。若仅签订返聘协议但未实际工作或未支付报酬，则不纳入统计。
退休返聘人员若在12月31日当天实际在岗并取得报酬，应计入采购经理年报中的期末人数；若未实际在岗或未支付报酬，则不计入。这一规则与统计制度中对“从业人员”的定义一致，需结合具体用工情况判断。"
23,采购经理,采购经理月报中调查问卷里的平均出厂价格如何确定?,"在采购经理月报的调查问卷中，平均出厂价格的确定通常遵循以下方法和步骤，以确保数据的准确性
1. 定义与范围，出产价格是指企业报告期内生产的符合产品质量要求的主要产品出厂价格的加权平均水平。主要产品的确认，根据企业产品产量比重或主要经营活动进行确认，通常是指产量比重较大或企业通常认可的一种或若干种主要产品。
计算方式，需采用加权平均法。权重依据：可按企业的产量或销售额分配权重。
3. 应用示例
假设某行业调查5家企业，其出厂价格及权重如下：
| 企业   | 出厂价格（元/吨） | 产量权重（%） |
|--------|-------------------|---------------|
| A      | 5,000             | 30%           |
| B      | 5,200             | 25%           |
| C      | 4,800             | 20%           |
| D      | 5,100             | 15%           |
| E      | 4,900             | 10%           |
加权平均出厂价格 
= (5,000×0.3 + 5,200×0.25 + 4,800×0.2 + 5,100×0.15 + 4,900×0.1) / 1 
= 5,015元/吨"
24,采购经理,采购经理月报中有很多价格浮动的问题是填写体几种产品的价格变动还是整体的?,"在采购经理月报中，价格浮动问题的填写通常需要综合考虑企业整体的平均价格水平，而不是单独几种产品的价格变动。以下是具体分析和依据：
1. 整体价格水平的填报要求，采购经理月报中，价格相关的指标（如购进价格、出厂价格、投入价格、收费价格等）通常是基于企业报告期内经营活动或提供服务过程中购买、生产或销售的主要商品、材料或服务的加权平均价格水平。这意味着需要综合考虑多种商品或服务的价格变动，而不是仅针对几种特定产品。
2. 主要产品或服务的确认，在填报时，需要明确企业的主要商品或服务。这些通常是企业生产经营活动中消耗量较大或经常使用的主要原材料，或者是产量比重较大的主要产品。因此，价格浮动的填报应围绕这些主要商品或服务的整体价格水平进行。
 采购经理月报中的价格浮动问题主要是基于企业整体的平均价格水平填报，而不是单独几种产品的价格变动。企业需要综合考虑主要商品或服务的价格变动，并结合实际情况进行填报。"
25,采购经理,在采购经理调查中，出厂价格指标升降的界定范围是什么?,"在采购经理调查中，价格波动的界定范围是根据填报人的经验和企业具体情况来判断的。一般情况下，价格变化幅度在 ±2%以内 可以视为“变化不大”。价格变化幅度超过 2%可视为上升，价格变化幅度小鱼-2%的可视为下降
"
26,采购经理,公司从业人员数量的口径包括劳务派遣人员吗,"鉴于劳务派遣用工已作为实际用工单位从业人数的一部分进行统计，为确保统计数据的准确性和不重复性，根据《劳动工资统计报表制度》规定，劳务派遣人员由实际用工单位统计，是本单位从业人员中的劳务派遣人员。劳动务派遣单位（派出单位）不对派出工作人员进行统计。
劳务派遣单位不得重复计算。这一规则既符合国家统计局的制度要求，也避免了数据重复，确保了统计结果的真实性和有效性。如需进一步了解具体操作细节，可参考《劳动工资统计报表制度》或咨询国家统计局人口和就业统计司。
"
27,采购经理,公司刚被收购新公司采购经理调查报表还需要上报吗?,"公司被收购后是否需继续上报，取决于其是否仍符合样本单位的行业、规模及法人资格要求。建议企业主动联系属地统计部门（如地方调查队），提交变更证明材料（如营业执照、收购协议），确认样本状态及填报责任主体。若样本资格保留，则需严格按原制度要求履行上报义务；若需调整样本，应配合完成替换流程以避免数据断档。具体分析如下。

1.样本单位资格的延续性，根据《采购经理调查统计报表制度》，样本单位的选取基于国民经济行业分类（GB/T 4754-2017）和企业规模划分标准（如营业收入、从业人员等）。若收购后企业仍保持原有行业属性（如制造业或非制造业）且规模未发生重大变化，则需继续履行上报义务。例如，若收购仅涉及股权变更而未改变主营业务或规模，企业仍属于原样本范围。
2.法人资格与统计身份的认定，调查对象为法人单位或视同法人的产业活动单位。若被收购企业仍作为独立法人存续（如子公司形式），则需继续填报；若被注销法人资格并入母公司（如分公司形式），则需由母公司根据其行业属性决定是否纳入新样本。若企业因收购导致统计身份变更（如合并、分立），需向统计部门提交《一套表调查单位变更申报表》及相关证明材料。
3.样本轮换与调整规则，样本每年进行一次轮换，国家级样本轮换率控制在10%以内。若收购导致企业行业代码前两位（大类行业）或规模分类发生变动，或被认定为消亡样本企业，包括破产、倒闭、停产、歇业、转业、兼并重组等，需剔除样本。并按“同行业同规模”原则替换样本。"
28,采购经理,关于采购经理调查月报中各指标的对比期界定问题,"对比期的确定为，对于流量问题（时期指标，如生产量、采购量等），对比期为上个月；对于存量问题（时点指标，如库存量、人员等），对比期为一个月前。
   采购经理的报告期是自然月，由于问卷上报期是22-25日，一个自然月还未结束，填报人需要根据工作经验、生产进度或工作安排对当月剩余时间的生产量（或业务总量）等指标进行估算，综合判断后得到当前整个自然月的生产量（或业务总量）等指标的变化情况。
 通过以上界定和要求，确保采购经理调查月报数据的准确性和可靠性，为宏观经济分析和企业经营决策提供有力支持。"
29,采购经理,在采购经理调查中，期末人数是不是指缴纳社保的人数?,"期末人数是指报告期末最后一日在本单位工作并取得工资或其他形式劳动报酬的人员数，属于时点指标。包括：在岗职工；劳务派遣人员；12月31日前已在本单位工作，次年再发放工资。期末人数不包括：离开本单位仍保留劳动关系，并定期领取生活费的人员；在本单位实习的各类在校学生 ；本单位因劳务外包而使用的人员（工资由劳务公司结算）
缴纳社保的人数是指依法参加社会保险并建立缴费记录的人数，统计范围由社保政策规定。退休人员，若已退休且未再就业，可能不再计入期末人数，但仍属于养老保险参保人数。
期末人数不是指缴纳社保的人数期末人数用于企业规模划分（如大中小微型企业），而社保缴纳人数反映社保覆盖广度，两者在政策制定和监管中各有侧重。两者在统计范围、政策依据上存在显著差异，需结合具体场景区分使用。
"
30,采购经理,其他股份有限公司和私营股份有限公司有什么区别?,"股份有限公司包括登记注册为“内资公司股份有限公司（上市）”、“内资公司股份有限公司（非上市）和“内资分公司股份有限公司分公司（上市）”等类型的市场主体。根据相关属性，将股份有限公司进一步划分为私营股份有限公司和其他股份有限公司。
 私营股份有限公司是指按《公司法》的规定，由五个以上自然人投资，或由单个自然人控股的股份有限公司，明确表明自然人投资或控股的属性。其他股份有限公司指除私营股份有限公司之外的股份有限公司，涵盖的范围更广，可能包括国有控股的大型企业，涉及的行业更为多样化。
私营股份有限公司以自然人投资或控股为特征，属于民营经济；而其他股份有限公司则是一个更广泛的分类，经济性质和活动范围更为多样。两者的核心差异在于控股主体的性质及统计分类归属。"
31,采购经理,在采购经理调查中，去年我们公司收入200万我只填了100万会有什么后果吗,"《统计法》第三十二条规定，统计机构、统计人员应当依法履行职责，如实搜集、报送统计资料， 不得伪造、篡改统计资料，不得以任何方式要求任何单位和个人提供不真实的统计资料，不得有其他违 反本法规定的行为。
根据《统计严重失信企业信用管理办法》第六条规定，企业提供不真实或者不完整的统计资料的，且属于《中华人民共和国统计法实施条例》第五十条所列情节严重的，统计机构应当认定其为统计严重失信企业。
《统计严重失信企业信用管理办法》第十条规定，统计机构应当自作出统计严重失信企业认定决定 之日起10个工作日内向社会公示统计严重失信信息，包括： （一）企业基本信息，包括企业名称、地址、统一社会信用代码、法定代表人或者负责人等； （二）统计违法行为； （三）依法处理情况； （四）其他相关信息。
统计数据的真实性是企业履行法定义务的重要体现，也是维护企业信用和正常运营的关键。如果您的企业确实存在统计资料填写错误的情况，收入200万只填了100万，其中差错额占数额 50%，会对地区本单位造成统计数据影响，该项行为已构成统计违法。根据情节严重程度，给予警告，且企业可能面临罚款。若被认定为“统计一般失信企业”或“统计严重失信企业”，企业信息将被纳入国家企业信用信息公示系统。建议尽快与当地统计部门沟通，积极配合整改，以减少可能的负面影响。"
32,采购经理,如果本月的pmi指数是50，代表什么意思,"PMI是一个综合的指数体系，涵盖了经济活动的多个方面，如新订单、新出口订单、进口、生产、供应商配送、库存、从业人员、价格等，其综合指数反映了经济总体情况和总的变化趋势。
采购经理指数（简称PMI），分为制造业PMI和非制造业PMI，PMI以50为扩张与收缩的临界点，当PMI大于50时，说明经济在扩张，当PMI小于50时，说明经济在收缩。PMI指数是经济监测的先行指标。
当PMI为50%时，表明经济处于一个中性状态，既不增长也不衰退。这种情况下，经济活动保持稳定，没有显著的变化趋势。然而，由于PMI是一个环比指标，仅反映当月与上月的对比，单月的50%可能并不能全面反映经济的长期趋势。
单月的PMI数据可能受到短期扰动，需结合历史数据和趋势进行综合判断。"
33,采购经理,如何判断企业是否属于上市公司?,"制度上明确规定“上市公司是指所发行的股票经国务院授权的中国证监会批准、在境内外证券交易所上市买卖其有价证券的股份有限公司。”
可以访问相关证券交易所的官方网站，通过输入公司名称或股票代码进行查询。如果公司股票在该证券交易所上市交易，那么该公司即为上市公司。登录知名的财经信息网站或使用证券行情查询软件，如东方财富、同花顺等，输入公司名称或股票代码进行查询。这些平台通常会提供详细的公司信息和股票行情，包括是否为上市公司。
值得注意的是，上市公司的子公司没有经过证监会审批上市，未在深交所或上交所挂牌交易，不算上市公司，仅算上市公司（也就是母公司）的关联方。严格意义上讲全资子公司是不算上市公司的。若仍存疑，建议直接联系企业投资者关系部门或咨询专业金融机构。

"
34,采购经理,填写采购经理年报时分公司是否为上市公司,制度上明确规定“上市公司是指所发行的股票经国务院授权的中国证监会批准、在境内外证券交易所上市买卖其有价证券的股份有限公司。”上市公司的子公司没有经过证监会审批上市，未在深交所或上交所挂牌交易，不算上市公司，仅算上市公司（也就是母公司）的关联方。严格意义上讲全资子公司是不算上市公司的。
35,采购经理,填写采购经理年报时利润表中没有单独设置主营业务收入，但是会计科目里有主营业务收入是否按会计科目里的数字填写主营业务收入即可,"主营业务收入指企业经营主要业务所实现的收入。如果会计“利润表”列示“主营业务收入”项目，则根据其本年累计数填报；或者，根据会计“主营业务收入”科目的本年各月贷方余额（结转前）之和填报，如未设置该科目，以“营业收入”代替填报。
因此若利润表中没有单独设置主营业务收入，但是会计科目里有主营业务收入，则需要按照会计“主营业务收入”科目的本年各月贷方余额（结转前）之和填报。"
36,采购经理,我们公司正准备上市，填报的pmi问卷会不会被公开，会不会泄露商业机密啊?,"填报PMI问卷的数据在统计工作中受到严格保护，不会公开企业的商业机密。
《中华人民共和国统计法》第十一条规定，统计机构和统计人员对在统计工作中知悉的国家秘密、工作秘密、商业秘密、个人隐私和个人信息，应当予以保密，不得泄露或者向他人非法提供。
PMI数据主要用于宏观经济分析和政策制定，不会公开企业的具体填报数据。统计机构只会发布汇总后的指数数据，不会涉及单个企业的具体信息。企业填报的PMI问卷数据会经过统计机构的严格审核和汇总，确保数据的同质可比性和准确性。审核过程中，统计人员会保护企业的商业秘密，不会将具体数据用于统计以外的目的。
   "
37,采购经理,我司是从事物流行业，企业从业人员32人、营收是3亿，企业规模是什么类型?,"
 您公司从事物流行业，根据《国民经济行业分类》（GB/T 4754-2017），物流行业归类于交通运输业
3.企业规模划分标准
 根据《统计上大中小微型企业划分办法（2017）》，交通运输业的具体划分标准为，大型企业：从业人员X≥1000人，营业收入Y≥30000万元。中型企业：从业人员300≤X＜1000人，营业收入2000≤Y＜30000万元。小型企业：从业人员20≤X＜300人，营业收入200≤Y＜3000万元。微型企业：从业人员X＜20人，营业收入Y＜200万元。
大型、中型和小型企业须同时满足所列指标的下限，否则下划一档；微型企业只须满足所列指标中的一项即可。
3. 企业规模判定
 根据您提供的数据，从业人员32人（20≤X＜300），营业收入3亿元（Y≥30000万元）。
仅符合中型企业标准中的营业收入这一项指标，故此下划一档为小型企业。"
38,采购经理,我司系建筑业建筑产值约6亿、资产10亿采购经理调查年报中企业规模填什么?,"根据国家统计局《统计上大中小微型企业划分办法（2017）》，结合您提供的信息，您公司的企业规模为中型企业，具体分析如下。
1. 行业归属
 您公司归于建筑业。
2.企业规模划分标准
 根据《统计上大中小微型企业划分办法（2017）》，建筑业的具体划分标准为，大型企业：营业收入  Y≥ 80000 万元，资产总额 Z≥ 80000 万元。中型企业：营业收入 6000 ≤ Y < 80000 万元，资产总额 5000 ≤ Z < 80000 万元。小型企业：营业收入 300 ≤ Y < 6000 万元，资产总额 300 ≤ Z < 5000 万元。微型企业：营业收入  Y< 300 万元，资产总额 Z< 300 万元。
大型、中型和小型企业须同时满足所列指标的下限，否则下划一档；微型企业只须满足所列指标中的一项即可。
3. 企业规模判定
 根据您提供的数据，营业收入6亿元（60000万元），资产总额：10亿元（100000万元）仅符合大型企业标准中的资产总额这一项指标，故此下划一档为中型企业。"
39,采购经理,银行业的单位规模如何判断,"银行业的单位规模根据国家统计局《统计上大中小微型企业划分办法（2017）》和《金融业企业划型标准规定》（银发〔2015〕309号）规定，依据从业人员、营业收入、资产总额等指标或替代指标将单位划分为大型、中型、小型和微型。
银行业存款类金融机构。资产总额40000亿元以下的为中小微型企业。其中,资产总额 5000 亿元及以上的为中型企业资产总额 50 亿元及以上的为小型企业，资产总额50亿元以下的为微型企业。
银行业非存款类金融机构。资产总额1000亿元以下的为中小微型企业。其中，资产总额200亿元及以上的为中型企业，资产总额50 亿元及以上的为小型企业，资产总额50亿元以下的为微型企业。
依据指标标准值，将各类金融业企业划分为大、中、小、微四个规模类型，中型企业标准上限及以上的为大型企业。"
40,采购经理,我是一个生产课桌的企业，500个员工，24年营业收入10亿元，属于大中小微型企业哪一种？,"根据国家统计局《统计上大中小微型企业划分办法（2017）》，结合您提供的信息，您公司的企业规模为小型企业，具体分析如下。
1. 行业归属
 您公司为生产课桌的企业，根据《国民经济行业分类》（GB/T 4754-2017），属于制造行业，制造业是工业的一部分，因此适用工业企业的划分标准。
2 企业规模划分标准
 根据《统计上大中小微型企业划分办法（2017）》，工业的具体划分标准为，大型企业：从业人员X≥1000人，营业收入Y≥40000万元。中型企业：从业人员300≤X＜1000人，营业收入2000≤Y＜40000万元。小型企业：从业人员20≤X＜300人，营业收入300≤Y＜2000万元。微型企业：从业人员X＜20人，营业收入Y＜300万元。
大型、中型和小型企业须同时满足所列指标的下限，否则下划一档；微型企业只须满足所列指标中的一项即可。
3. 企业规模判定
 根据您提供的数据，从业人员500人（300≤X＜1000），营业收入10亿元（Y≥40000万元）。仅符合大型企业标准中的营业收入这一项指标，故此下划一档为中型企业。"
41,劳动力,在劳动力调查核户时发现同一户人家买了两套房均被抽中了该如何处理?,"遇到同一户人家买了两套房均被抽中的情况，应只调查其中一个地址，并将另一户进行换户操作。按以下规范流程处理：
先选择其中一个住房单元作为主要调查对象，完成该家庭所有应登记人口的入户调查；再对另一住房单元进行换户操作，停止对该地址的调查并按规定申请换户密码完成换户；同时要确保将该家庭的所有应登记人口信息完整填报至选定地址对应的户中，避免遗漏或重复；此外，调查员还需详细记录换户原因，并按规定流程提交相关材料，保障换户操作的合规性与透明性。
通过以上步骤，可以确保在住户调查中，同一户人家的两套住房被抽中的情况得到妥善处理。"
42,劳动力,在劳动力调查时小孙复习公务员考试已有半年在，问是否找工作怎么填写？,"在劳动力调查中，包含问题“您近3个月/1个月是否找过工作？”，询问被登记人近3个月/1个月找工作的情况。工作过的人，询问失去工作后找工作情况。若是近3个月没有工作过的人，通过各种方式主动找过工作选择“是”；若是近3个月曾工作过并且现在没有工作的人，失去工作后找过工作也选择“是”。
小孙复习公务员考试属于找过工作，符合调查规定中 “为找到工作参加培训、实习、招考” 的求职范畴，指为寻找到某项工作而参加相关培训、进行专门实习或准备招录考试。且时间在被调查前3个月/1个月内。"
43,劳动力,"在劳动力调查户中出嫁3个月的女儿需要登记吗？
（如何回答H3.您家户籍人口中在本月10日零时外出不满半年的有几个人？）","在劳动力调查的调查户登记工作中，以下人员不登记，1.临时来探亲访友的人员。2.在外地已成家立业，因探亲等原因临时返回老家人员，如春节放假回老家，节后仍回原单位正常工作的外地回家人员，在老家不需登记。3.现役军人、在押犯人、长期在国外人员、外国人。
出嫁 3 个月的女儿是否需要登记，需结合分户状态、户籍归属、外出时长及实际居住情况综合判定：若女儿婚后已独立成家分户，或户籍已迁至夫家，或是户籍未迁出但已在夫家长期居住超过半年，又或是户籍仅挂靠在原户并未实际居住，则原调查户无需登记其信息；若女儿婚后仍与原户长期共同生活，即便不在原户户口本上，也需按本户成员登记，而如果只是短期回娘家探亲且节后仍返回夫家居住，则原户无需登记。"
44,劳动力,调查失业率的基础数据来源,"调查失业率指根据抽样调查方法测算得到的失业人口占就业人口与失业人口之和的百分比，16周岁及以上人口可分为劳动力和非劳动力，其中劳动力包括就业人口和失业人口。
我国调查失业率数据来源于劳动力调查。这项调查采用分层、二阶段、与住房单元数成比例的抽样方法，先在全国城乡范围内随机抽取居（村）委会，再在抽中的居（村）委会内采用随机等距抽样方法抽取调查户。全国每月调查样本约为34万户，基本覆盖我国31个省（区、市）的所有地级市和县级地区。按现有抽样设计，在90％的置信度下，全国城镇调查失业率相对误差控制在2％以内，各省份相对误差控制在10％以内。
在每月特定时间内，统计部门聘请的调查员会主动访问调查户，采集家庭成员的就业失业信息录入手持电子终端（PAD），通过联网直报系统直接将数据上报到国家统计局。国家统计局对报送的数据进行加权汇总，测算出每月全国和各省份城镇调查失业率。"
45,劳动力,劳动力调查时遇到客栈/民宿作为一个调查户如何登记?,"在劳动力调查涉及客栈或民宿时，调查员需依据实际居住情况开展登记工作：首先要明确住户类型，客栈/民宿的老板及其固定服务人员、居住时间超过半年的长期租客均属于常住人口，需登记，仅临时住宿的短期租客无需登记
给出以下示例参考：家庭旅馆作为一个调查户，家庭旅馆9日晚共居住4间房，共9人，老板、3名服务人员、5位客人（其中两位来此地工作已居住7个月、一家三口来此地旅游已居住5天）。老板、3名服务人员需登记在H2。2名租客是长租户，需登记在H2。3名来此地旅游为短租，不登记。"
46,劳动力,非劳动力如何判断,就业人口和失业人口统称为劳动力，可概括为参与或要求参与经济活动的人。16岁及以上人口中，劳动力以外的人被称为非劳动力，指当前没有就业，调查时点前3个月内没找过工作或调查接下来的2周内不能开始工作的人。就业、失业和非劳动力三种状态可以互相转换，就业人口失去工作后，如果找工作并且立即能去工作就是失业人口，如果不找工作或不能去工作，就是非劳动力。
47,劳动力,就业率数据怎么来的,"我国就业率数据来源于劳动力调查。这项调查采用分层、二阶段、与住房单元数成比例的抽样方法，先在全国城乡范围内随机抽取居（村）委会，再在抽中的居（村）委会内采用随机等距抽样方法抽取调查户。全国每月调查样本约为34万户，基本覆盖我国31个省（区、市）的所有地级市和县级地区。
在每月特定时间内，统计部门聘请的调查员会主动访问调查户，采集家庭成员的就业失业信息录入手持电子终端（PAD），通过联网直报系统直接将数据上报到国家统计局。
据国际劳工组织统一标准，就业人口主要指在调查参考周内，一定年龄以上人口中，为取得劳动报酬或经营收入从事了1小时及以上工作的人。我国则指16岁及以上人口中符合上述条件的人。理解这一标准，首先，要强调以取得收入为目的，如无薪受训的学徒、从事志愿者服务的人，由于目的分别是学习技能、无偿奉献，则不属于就业人员。其次，要强调通过为他人提供生产或服务的形式获取收入，如从事农业生产的人，如果生产目的完全是自吃自用，不向市场售卖农产品，也不属于就业人员。此外，就业人口还包括因休假、临时停工等原因在职未上班的人。如果未上班原因是正常的休假、请假，则属于就业人口；但如果是因单位停工、经济不景气放假，且用人单位停发工资，短期内也不能返岗，则不属于就业人口。就业率 = (就业人口 / 劳动力人口) × 100%，16周岁及以上人口可分为劳动力和非劳动力，其中劳动力包括就业人口和失业人口。"
48,劳动力,劳动参与率怎样计算,"劳动参与率是指劳动力人口（包括就业人口和失业人口）占劳动年龄人口（16岁及以上总人口）的百分比。它用来反映劳动力市场的活跃程度。
就业人口和失业人口统称为劳动力，可概括为参与或要求参与经济活动的人。16岁及以上人口中，劳动力以外的人被称为非劳动力，指当前没有就业，调查时点前3个月内没找过工作或调查接下来的2周内不能开始工作的人。就业、失业和非劳动力三种状态可以互相转换，就业人口失去工作后，如果找工作并且立即能去工作就是失业人口，如果不找工作或不能去工作，就是非劳动力。"
49,劳动力,劳动力调查抽到一名大学生他还未毕业但是已经开始实习确定毕业后就去实习的公司上班请问这算不算找过工作?,"在劳动力调查中，包含问题“您近3个月/1个月是否找过工作？”，询问被登记人近3个月/1个月找工作的情况。工作过的人，询问失去工作后找工作情况。若是近3个月/1个月没有工作过的人，通过各种方式主动找过工作选择“是”；若是近3个月/1个月曾工作过并且现在没有工作的人，失去工作后找过工作也选择“是”。
此名大学生“已经开始实习确定毕业后就去实习的公司上班”这一行为表现属于找过工作，符合调查规定中 “为找到工作参加培训、实习、招考” 的求职范畴，指为寻找到某项工作而参加相关培训、进行专门实习或准备招录考试。"
50,劳动力,劳动力调查抽中的一户无工作的样本户说他在与亲朋好友交流时谈论了工作的事情这算找过工作吗?,"根据劳动力调查的相关规定，“委托亲戚朋友介绍。指委托亲戚朋友介绍或推荐找工作，这种委托多是口头的”为找过工作的其中一种方式。故此该样本户若在与亲朋好友交流时谈论时有口头委托帮忙介绍或推荐工作算找过工作。
若谈论时未向他人委托介绍找工作，调查员可进一步询问确定该样本户是否存在找工作的行为。a.为自己经营做准备。指正在为自己开办公司或经营做准备，如经营策划、筹集资金、申请执照、寻找经营场所、招聘人员等。b.为找到工作参加培训、实习、招考。指为寻找到某项工作而参加相关培训、进行专门实习或准备招录考试。c.委托亲戚朋友介绍。指委托亲戚朋友介绍或推荐找工作，这种委托多是口头的。d.查询招聘网站或广告。指通过网络、电视、报刊等各种媒体或其他渠道发求职简历、应答招聘广告或查看招聘广告而寻找工作。e.直接联系雇主或单位。指直接找用人单位或雇主问询、自荐来寻找工作。f.联系就业服务机构。指在人力资源和社会保障部门、其他政府部门或私人开办的职业介绍机构登记找工作。g.参加招聘会。指参加各种形式的招聘会找工作。h.其他（请注明）。除上述之外的其他找工作方式，请注明。"
51,劳动力,劳动力调查问卷中你近三个月是否找过工作学生查看招聘网站是为了了解自己专业的就业前景不是想去找工作这里是填是还是否。,在劳动力调查问卷中，如果一个人近三个月查看招聘网站是为了了解自己专业的就业前景，而不是为了找工作，这种情况不应当归类为找过工作。查看招聘网站的行为，如果目的是了解就业前景而非实际求职，通常被视为一种职业规划或学习行为，而非求职行为。这种行为不涉及主动寻找工作机会，因此不符合“找过工作”的定义。
52,劳动力,在劳动力调查中，小王8月初开始准备教师岗位考试8月14日调查时是否属于找过工作?,"在劳动力调查中，包含问题“您近3个月/1个月是否找过工作？”，询问被登记人近3个月/1个月找工作的情况。工作过的人，询问失去工作后找工作情况。若是近3个月没有工作过的人，通过各种方式主动找过工作选择“是”；若是近3个月曾工作过并且现在没有工作的人，失去工作后找过工作也选择“是”。
小王准备教师岗位考试属于找过工作，符合调查规定中 “为找到工作参加培训、实习、招考” 的求职范畴，指为寻找到某项工作而参加相关培训、进行专门实习或准备招录考试。且时间在被调查前3个月/1个月内。"
53,劳动力, 在劳动力调查中，小王有些手艺跟别人组了一个松散的团队，由团队带头人去接活儿，接到活儿就来找他，那么他是否属于找过工作?,"在劳动力调查中，包含问题“您近3个月/1个月是否找过工作？”，询问被登记人近3个月/1个月找工作的情况。工作过的人，询问失去工作后找工作情况。若是近3个月没有工作过的人，通过各种方式主动找过工作选择“是”；若是近3个月曾工作过并且现在没有工作的人，失去工作后找过工作也选择“是”。
小王由带头人接活并分配任务的模式，符合调查规定中 “委托亲戚朋友介绍” 的求职范畴，指委托亲戚朋友介绍或推荐找工作，这种委托多是口头的。"
54,劳动力,在劳动力调查中，学生小李6月参加了招聘会7月10日毕业8月接受调查时找工作时间如何填写,"在劳动力调查中，包含问题“您从开始找工作（或等待未来3个月内会开始的工作）已经多长时间了？      月”，要求不足一个月的，按一个月计算。如果以前从没工作过，从第一次找工作开始算起；以前工作过的人，从失去工作后，第一次开始找工作算起；但如果找工作行为在失去工作前，从失去工作开始算起，而不是从失去工作后第一次找工作开始；学生从毕业后第一次找工作算起，如果找工作行为发生在毕业前，则从毕业时间开始算起；等待被召回原岗位或等待原工作复工的人，从结束原工作开始算起。
学生小李找工作行为发生在毕业前，需要从毕业时间开始算，小李在7月10日毕业距被调查时不到一个月，不足一个月的，按一个月计算。故此，应该填写1个月。"
55,劳动力,在劳动力调查中，以自己炒股票打麻将挣钱为生的人F10（是否为取得报酬工作过1小时以上？）应该填“是”吗,"在劳动力调查填写 F10 “是否为取得报酬工作过1小时以上？” 这一问题时，对于以炒股票、打麻将挣钱为生的人，通常应填 “否”.
开网店、做微商、代理推广赚佣金、直播、网约车是工作，义务劳动、公益性劳动或强制性劳动不属于工作，必须能够满足他人的需要，不包括自产自用的属于工作。做家务、种自家吃的菜、自有房屋收租、自有资金炒股的不属于工作。
劳动力调查聚焦的是为取得经济报酬或经营收入而从事社会劳动的人员，涵盖正式就业、非全日制就业、自营职业者等常规就业形式，而炒股票本质上属于具有不确定性和风险性的投资行为，打麻将一般被认定为娱乐活动。
炒股票、打麻将的行为并不符合“工作”这一定义，因此即便从业者投入大量时间并以此为生，在填写 F10 问题时也应填 “否”。"
56,劳动力,劳动力调查中，户编码如何填写,"劳动力调查以户为单位进行登记，既调查家庭户，也调查集体户。全国劳动力调查使用手持电子终端（PAD）进行样本管理、任务分配和数据采集，并由调查员利用 PAD 通过联网直报平台（简称：平台）将调查数据直接报送到国家统计局。
每一住户组地址中按户的顺序给予的编号，PAD中户编号按规则自动生成。每一住户组中， 每户对应一个户编号，且只对应一个户编号。如果登记时一个住址中有不止一户，其中一户按原编号填 写，其他户续编在本组所有户的后面，点击PAD “增户”自动生成；首次登记时，要保证完成首次登记 的样本数量，如果住址无人居住是空户，要向县级统计机构申请从备选样本中递补，PAD会按要求推送 递补户及户编号；再次登记时，如果原有住户已搬走，新的住户未搬来，成为空房户，原有的户编号不 使用，也不需要申请递补。"
57,劳动力,劳动力调查中调查户小王才工作几天怎么填报上月收入,"在劳动力调查中，包含问题”您上月工作报酬或经营净收入是多少（包括奖金、个人缴纳部分的社保、实物折价。工作不足一个月的，按合同、协议或相关规定填报）？        元”指在调查时点上一个日历月份，所从事的主要工作的劳动报酬，包括现金和实物，不包括财产性收入和转移性收入。雇员的劳动报酬包括工资、奖金、补贴和津贴等与工作相关的劳动报酬，也包括个人缴纳的公积金、社保等费用。
调查户小王才工作几天，属于刚开始工作尚未获得劳动报酬的，可填写合同、协议或预计的劳动报酬。劳动报酬要填写具体数目，最高为99999元。如果按年或不同周期获得劳动报酬的，应折算出月平均劳动报酬；实物报酬要折合成现金填报。"
58,劳动力,劳动力调查中发现部分调查户担心自己资过高上报数据后会有税务之类的问题而报给调查员较低的资这应该怎么办,"在劳动力调查中，针对调查户因担心收入过高涉及税务问题而故意报低收入的情况，可通过这些简单有效的措施解决：
首先要加强统计法律法规宣传，向调查户讲清《统计法》的保密规定，说明统计数据仅用于宏观决策、不会用于税务等执法目的，同时告知提供不真实资料会面临警告、罚款等法律后果；其次通过面对面耐心沟通解释统计工作的意义，必要时签订保密协议，强调数据会匿名处理以保护隐私，建立调查户对统计工作的信任；还要加强对统计人员的培训，提升其沟通技巧和指标解释能力，确保调查户准确理解填报要求；后续通过交叉核对、逻辑检查等方式核查数据，建立举报渠道监督统计违法行为，同时结合典型案例开展普法教育，增强调查户法律意识。总之，通过这些措施既能打消调查户的顾虑、保护其合法权益，也能确保统计数据的真实准确。"
59,劳动力,劳动力调查中李芳是家庭主妇经常帮村里个体户加羊毛衫酬劳计件。6月是淡季没活干，但是她知道8月份开始该个体户会开工干活儿。6月调查中她算不算失业,"失业人口是指16岁及以上人口中同时满足以下三个条件的人：①在调查参考周内没有工作；②在调查时点前3个月内找过工作；③如果有一份合适工作，能够在2周内立即开始工作。从定义可以看出，失业人口与无工作人口不能简单画等号，只有同时满足条件②和③的无工作人口才是失业人口。
李芳在6月是淡季，没有工作，但她在等待8月份个体户开工的工作机会。属于失业人口，符合失业人口的三个条件，在调查参考周内没有工作：6月停工，没有工作。有就业意愿：她明确知道8月份会开工，并且有继续工作的意愿。能够立即开始工作：她没有明确表示需要额外的时间准备，可以立即返回工作。因此，李芳在6月的停工状态属于失业人口。"
60,劳动力,劳动力调查中临时居住要填写吗,"在劳动力调查中，临时居住人员是否需要登记，核心看调查时点的居住情况、居住时长以及与本户的关系。劳动力调查以住户为调查单位，既包括家庭户，也包括集体户。调查对象是调查时点在抽中户居住的人口，既包括调查时点在抽中户居住的人，也包括抽中户人口中外出不满半年的人口。应在被抽中户中登记的人是：（1）调查时点居住在被抽中地址的人，无论其户口是否在本户，都要进行登记；（2）本户户籍人口中，已外出但不满半年的人。
不登记人员包含以下几种，1. 现役军人、在押犯人、出国定居人员、外国人。2. 在外地已成家立业，因旅游、探亲等原因在调查时点暂住本户的人员。3. 已成家分户居住、挂靠本户户口的人。4. 春节放假或临时回老家，之后仍回原单位正常工作的外地回家人员，在老家不需登记。
临时居住人员是否需要填写，主要取决于其居住时间和与本户的关系。如果临时居住且不与本户长期共同生活，通常不需要登记；在外工作或学习，每周或每月返回家中居住的家庭成员，也应视为在家中居住，在本户登记；集体宿舍的雇工、家庭旅馆的短期租客不用登记，家庭旅馆长期租客（居住超半年）需登记；住家保姆或帮工若长期和本户共同生活要登记，短期帮忙则不用。调查员需根据具体情况判断，确保数据的准确性。
实例案例：9日晚，某住房内住了4个人（奶、母、子、女）。本月8日父亲出差，为期5天。奶奶这几天来看病，过两天就回。有一个住家保姆，因家中有事临时请假一周回老家。谁需要在此户登记？母亲、子、女需登记，父亲临时出差需登记，住家保姆长期与本户作为一户吃住需登记。奶奶临时过来会回原居住地，不登记。"
61,劳动力,劳动力调查中每月回来的大学生需要登记吗,"根据劳动力调查的相关规定，每月回来的大学生属于在外工作或学习，每周或每月返回家中居住的家庭成员，也应视为在家中居住，在本户登记。
劳动力调查以住户为调查单位，既包括家庭户，也包括集体户。调查对象是调查时点在抽中户居住的人口，既包括调查时点在抽中户居住的人，也包括抽中户人口中外出不满半年的人口。应在被抽中户中登记的人是：（1）调查时点居住在被抽中地址的人，无论其户口是否在本户，都要进行登记；（2）本户户籍人口中，已外出但不满半年的人。
短期探亲或因放假回家的大学生，如果大学生因探亲、放假等原因暂时返回家中，且在调查时点居住在本户中，需要在本户中登记。户籍在本户的大学生：如果大学生的户籍属于本户，但因在外地上学或工作而调查时点暂不在家，但外出时间不满半年，每周或每月返回家中居住的家庭成员，也需要在本户中登记。
对于需要登记的大学生，调查员需要填写，个人信息：包括姓名、性别、年龄、受教育程度、毕业时间等。工作情况：询问其在调查时点前一周是否为取得报酬工作过，是否有工作但没上班，以及未工作的主要原因等。毕业去向：如果是应届毕业生，还需要填写毕业去向的详细情况，例如是否已落实工作单位、升学去向等。"
62,劳动力,劳动力调查中某人4月辞职5月初开始找工作7月接受调查时找工作时间如何填写?,在劳动力调查中，包含问题“您从开始找工作（或等待未来3个月内会开始的工作）已经多长时间了？      月”。要求不足一个月的，按一个月计算。以前工作过的人，从失去工作后，第一次开始找工作算起。第一次找工作为5月距离接受调查时间为2个月故此填写“2个月”。
63,劳动力,劳动力调查中如果住在某个抽中住房单元的住户搬家了要通过电话继续追踪该住户吗,"在劳动力调查中，若抽中住房单元的住户搬家，不需要电话追踪原住户，因为这项调查采用的是基于地址的抽样方式，而非针对个人抽样。劳动力调查采用抽样调查的方法, 每月全国范围抽取约 34 万户住址进行调查，样本覆盖全国所有市（地、州、盟）的几乎所有县（市、区、旗）的城镇和乡村地区。调查户地址由国家统计局在规定的时间推送至调查员的 PAD 上，不允许随意更换住户地址。
调查员需要对所负责的居（村）委会的样本核实工作，每月3日-9日，调查员按照发放的社区示意图对本月 PAD推送的住户地址进行走访核实是否有人
居住，通过 PAD 做好换户、空户的住户样本管理工作。如有变动应根据相关规则申请更换。"
64,劳动力,劳动力调查中王阿姨是干手活的上周没有接到活，王阿姨属于有工作没上班吗,"在劳动力调查中，判断王阿姨的工作状态，核心要分清 “无工作” 和 “有工作没上班/干活” 的区别：王阿姨属于没有固定工作单位、靠临时接活为生的灵活就业人员，而 “有工作没上班/干活” 的定义是指有工作单位或工作岗位，并能够取得报酬，但在调查时点前一周没去上班或干活。从事农业生产或其他季节性、临时性生产经营活动的人，如果仍有工作岗位或生产经营还在进行中，只是调查时点前一周临时没有工作或干活。
灵活就业打零工的人，如果之前接了活，目前手头有工作任务，调查时点前一周临时没干活，属于“有工作没上班/干活”；如果手头没工作任务则不属于。王阿姨上周没有接到活，没有开展任何有报酬的劳动，因此在劳动力调查中应被归类为“无工作”，而非 “有工作没上班”。"
65,劳动力,劳动力调查中小李户口在本户2个月前因犯罪入狱目前在服刑，小李是不是属于本户中外出不满半年的人需要调查吗,在劳动力调查中，户口在册但正在服刑的小李，不属于“本户中外出不满半年的人员”，无需纳入调查范围，原因很明确：首先，劳动力调查里的“外出” 通常指因就业、学习等主动原因暂时离开居住地，而小李是因服刑非自愿离开，不符合 “外出” 的定义；其次，按照国家统计分类标准，服刑人员属于“在押犯人”，不在劳动力调查对象之列；即便小李离开时间不满半年，服刑的特殊状态也和常规外出务工、求学等情形有本质区别。因此不管服刑时间长短，小李都不参与劳动力调查，调查时只需以户内实际居住或符合登记标准的人口为准，若调查表有特殊说明，则按当地统计部门指引操作。
66,劳动力,劳动力调查中小张的母亲每天闲暇时还到饭店无偿帮忙照顾生意算工作吗应该怎么填,"小张的母亲在饭店无偿帮忙照顾生意的情况是否算作“工作”，取决于以下两个因素：1. 她是否帮助家庭成员或亲戚经营的饭店；2. 她是否在调查时点前一周工作了1小时以上。如果符合上述条件，则属于“无酬家庭帮工”；否则，不算作“工作”。在填写调查问卷时，需根据实际情况选择相应的选项。
 假设小张的母亲在饭店帮忙是无偿的，且饭店是家庭成员或亲戚经营的，那么需要按照以下规则填写：F10（是否为取得报酬工作过1小时以上）：应填“否”，因为她没有取得报酬。 F14（是否为无酬家庭帮工）：应填“是”，因为她帮助家庭或亲戚的生产经营活动，且工作时间超过1小时。 就业身份（F22）：应选择“无酬家庭帮工”，因为她符合无酬家庭帮工的定义。
 如果饭店不是家庭或亲戚经营的，而是她单纯为他人帮忙，则既不属于“为取得报酬工作”，也不属于“无酬家庭帮工”，此时所有相关问题（如F10、F14）均应填“否”。
 其他特殊情况，如果小张的母亲在饭店帮忙是为了学习或积累经验，而非以营利为目的，也不算作工作。如果她帮助的饭店是家庭经营的，但工作时间不足1小时，则不满足“无酬家庭帮工”的条件，应填“否”。"
67,劳动力,劳动力调查中应在本户登记的人是指哪些,"在劳动力调查中，临时居住人员是否需要登记，核心看调查时点的居住情况、居住时长以及与本户的关系。劳动力调查以住户为调查单位，既包括家庭户，也包括集体户。调查对象是调查时点在抽中户居住的人口，既包括调查时点在抽中户居住的人，也包括抽中户人口中外出不满半年的人口。应在被抽中户中登记的人是：（1）调查时点居住在被抽中地址的人，无论其户口是否在本户，都要进行登记；本户人口中因出差、旅游、探亲、夜班或生病住院等原因临时外出，调查时点未在家中居住的家庭成员，视为在家中居住，应在本户登记。在外工作或学习，每周或每月返回家中居住的家庭成员，也应视为在家中居住，在本户登记。（2）本户户籍人口中，调查时点未居住在本户，但离开本乡（镇、街道）不满半年的人口。这类人员虽然不在家中居住，但因外出时间较短，仍需登记在本户。
集体户的登记对象包括集体宿舍内的工作人员（如旅馆老板、服务人员）以及长期居住在店内的客人。
不登记人员包含以下几种，1. 现役军人、在押犯人、出国定居人员、外国人。2. 在外地已成家立业，因旅游、探亲等原因在调查时点暂住本户的人员。3. 已成家分户居住、挂靠本户户口的人。4. 春节放假或临时回老家，之后仍回原单位正常工作的外地回家人员，在老家不需登记。
以下是几个实例，实例1：父母帮忙看孙子，在自己家和儿子家住的时间差不多。8日开始父母到儿子家居住，怎么登记？看情况，如果调查的是儿子家父母就登记在儿子家里，如果调查的是父母自己的家就不登记换户。
实例2：9日晚，某住房内住了4个人（奶、母、子、女）。本月8日父亲出差，为期5天。奶奶这几天来看病，过两天就回。有一个住家保姆，因家中有事临时请假一周回老家。谁需要在此户登记？母亲、子、女需登记，父亲临时出差需登记，住家保姆长期与本户作为一户吃住需登记。奶奶临时过来会回原居住地，不登记。
实例3：家庭旅馆9日晚共居住4间房，共9人，老板、3名服务人员、5位客人（其中两位来此地工作已居住7个月、一家三口来此地旅游已居住5天）。家庭旅馆作为一个调查户，应怎么登？老板、3名服务人员需登记在H2。2名租客是长租户，需登记。3名来此地旅游为短租，不登记。"
68,劳动力,劳动力调查中在衬衫制造厂从事衣服熨烫的人员的行业和职业编码是多少?,在劳动力调查中，衬衫制造厂从事衣服熨烫的人员，其行业和职业编码可按以下标准确定：行业分类依据《国民经济行业分类》（GB/T 4754-2017），衬衫制造厂属于 “制造业” 下的纺织服装、服饰业，对应的行业编码为18；职业，衣服熨烫人员参考《职业分类与代码》（GB/T 6565-2015），归类为“纺织品、服装和皮革、毛皮制品加工制作人员”，职业编码为605，若需更精确编码，可参考行业的编码细则。
69,劳动力,劳动力调查中在来料加点上班的人属于需要通过中间商订单生产或服务吗,"中间商是指在生产者与消费者之间参与商品或服务交易业务，促使买卖行为发生和实现的、具有法人资格的经济组织或个人。它是连结生产（经营）者与消费者的中介环节。若来料加工企业直接接受客户（可能是中间商或终端企业）的订单，按订单要求加工并收取加工费，则属于典型的“通过中间商订单生产”。此时，中间商提供原材料、指定标准，企业不负责销售，符合依赖中间商订单的特征。
在大多数情况下，来料加工上班的人属于“需要通过中间商订单生产”，但需确认企业是否真正通过中间商接单（而非直接对接终端客户）。建议结合调查的具体分类标准进一步核实。
"
70,劳动力,劳动力调查中在数码监控科技公司从事监控安装的人员的行业和职业编码是什么,在劳动力调查中，数码监控科技公司从事监控安装的人员，其行业和职业编码可按国家标准确定：依据《国民经济行业分类》（GB/T 4754-2017），该人员所属行业归类为信息传输、软件和信息技术服务业，行业编码为65；参考职业编码依据《职业分类与代码》（GB/T 6565-2015），其从事的监控安装工作归入信息传输、软件和信息技术服务人员，职业编码为404。若需更精确编码，可参考行业的编码细则。
71,劳动力, 劳动力调查中在外工作人员每周会回家人员需要调查吗,"根据劳动力调查的相关规定，在外工作人员每周会回家人员属于在外工作或学习，每周或每月返回家中居住的家庭成员，也应视为在家中居住，在本户登记。
劳动力调查以住户为调查单位，既包括家庭户，也包括集体户。调查对象是调查时点在抽中户居住的人口，既包括调查时点在抽中户居住的人，也包括抽中户人口中外出不满半年的人口。应在被抽中户中登记的人是：（1）调查时点居住在被抽中地址的人，无论其户口是否在本户，都要进行登记；（2）本户户籍人口中，已外出但不满半年的人。
在外工作人员每周会回家人员，因探亲、放假等原因暂时返回家中，且在调查时点居住在本户中，需要在本户中登记。如果因在外地工作而调查时点暂不在家，但外出时间不满半年，每周或每月返回家中居住的家庭成员，也需要在本户中登记。"
72,劳动力,劳动力调查中在夜校读书的算是全日制学生吗?,在劳动力调查中，夜校读书的人不属于全日制学生。按照相关统计标准，全日制学生是指在国家规定修业年限内全日在校学习的学生，不包含部分时间或全部利用业余时间的教育形式，也不包含成人教育在校脱产学习；而夜校属于利用晚上或休息时间开展教学的业余学习形式，不符合全日在校学习的要求，因此在劳动力调查中不属于是全日制在校学生。
73,劳动力,劳动力问卷中的失业人口怎么界定,"失业人口是指16岁及以上人口中同时满足以下三个条件的人：①在调查参考周内没有工作；②在调查时点前3个月内找过工作；③如果有一份合适工作，能够在2周内立即开始工作。从定义可以看出，失业人口与无工作人口不能简单画等号，只有同时满足条件②和③的无工作人口才是失业人口。比如，在校学生、退休人员、家庭妇女等，虽然他们大多数没有就业，但由于没找过工作或不能在短期内立即去工作，也不属于失业人口。
劳动力问卷中包含关于上述条件相关的问题“您在本月3日-9日是否为取得报酬工作过1小时以上（包括打零工、兼职）？”、“您近3个月是否找过工作？”、“如有非常适合的工作机会，您能在2周内开始工作吗？”
失业人口的界定是基于抽样调查方法，通过入户访问获取数据。调查员会询问家庭成员的就业失业状态，并根据上述标准进行分类。"
74,劳动力,我是一名劳动力调查员，在调查期入户调查时了解到这一户一直在外地定居的女儿和孙子正好休假回娘家探亲小佳一周请问女儿和孙子是否需要登记调查?,根据劳动力调查的相关规定，被调查家庭中的这位女儿和孙子不需要在此次调查中登记，他们属于在外地已成家立业，因探亲等原因临时返回老家人员，不被视为本户的长期居住成员；其次，若调查时点他们不在本户居住，且户口也不在本户，就完全不在登记范围内。如果需要进一步确认，可参考调查员手册，通过询问居住频次和户口情况来最终判定。
75,劳动力,劳动力调查中，跑滴滴算不算就业,在调查参考周内被调查者跑滴滴超1小时以上，滴滴司机应被统计为就业人口。根据国家统计局对就业人口的定义，主要指在调查参考周内，一定年龄以上人口中，为取得劳动报酬或经营收入从事了1小时及以上工作的人。我国则指16岁及以上人口中符合上述条件的人。此外，就业人口还包括因休假、临时停工等原因在职未上班的人。如果未上班原因是正常的休假、请假，则属于就业人口。滴滴司机通过滴滴平台接单获取劳动报酬，且工作时长通常超过 1 小时，完全符合这一标准。这类司机属于依靠线上中间商订单开展工作的群体，在劳动力调查中会根据其与平台是否签订劳动合同，归类为雇员或自营者 / 个体经营者，同时他们需自行缴纳城镇职工基本养老保险的属性，也进一步印证了其就业人员的身份。
76,劳动力,我被单位开除了算失业人口吗,"失业人口是指16岁及以上人口中同时满足以下三个条件的人：①在调查参考周内没有工作；②在调查时点前3个月内找过工作；③如果有一份合适工作，能够在2周内立即开始工作。从定义可以看出，失业人口与无工作人口不能简单画等号，只有同时满足条件②和③的无工作人口才是失业人口。比如，在校学生、退休人员、家庭妇女等，虽然他们大多数没有就业，但由于没找过工作或不能在短期内立即去工作，也不属于失业人口。
但如果被开除后，调查时点前3个月内没找过工作或调查接下来的2周内不能开始工作的人就会被归类为“非劳动力”。另外，若已经找到新工作只是还没入职，也仍然属于就业人口，而非失业人口。"
77,劳动力,我是劳动力调查员，入户调查时抽到出租房哪些人需要登记,"作为劳动力调查员，入户调查抽到出租房时，登记人口信息的核心原则是：以调查时点实际居住情况为依据，不漏登、不错登符合条件的人员。具体来说，出租房内长期居住的房东、实际居住的租客（无论户籍在哪），以及因出差、旅游等临时外出仍视为在此居住的租客，都需登记；若居住者是家庭成员关系则登记为家庭户，若为无亲属关系的集体居住则登记为集体户。登记时要注意，居住满半年的租客、房东或租客户籍中外出不满半年的人员，以及户籍不在此但长期居住的房东，均需纳入登记；而现役军人、在押犯人、长期在国外人员、外国人，已成家分户或挂靠户口的人，以及外地成家立业临时探亲的人员，无需登记。操作中需先核实实际居住情况，再按 PAD 流程如实登记，并严格保密个人信息。
在出租房入户调查时，需重点关注房东和租客的居住情况，确保符合调查时点的登记要求，并严格按照家庭户或集体户的定义进行分类登记。同时，注意排除不符合登记条件的人员，确保数据的真实性和准确性。
"
78,劳动力,我是劳动力调查员，在调查过程中遇到一位调查对象上月属于失业人口，本月刚找到作且入职没几天，当询问“您上月作报酬是多少时”这一问题该如何解决?,"在劳动力调查中，包含问题”您上月工作报酬或经营净收入是多少（包括奖金、个人缴纳部分的社保、实物折价。工作不足一个月的，按合同、协议或相关规定填报）？        元”指在调查时点上一个日历月份，所从事的主要工作的劳动报酬，包括现金和实物，不包括财产性收入和转移性收入。雇员的劳动报酬包括工资、奖金、补贴和津贴等与工作相关的劳动报酬，也包括个人缴纳的公积金、社保等费用。
调查对象才工作几天，属于刚开始工作尚未获得劳动报酬的，可填写合同、协议或预计的劳动报酬。劳动报酬要填写具体数目，最高为99999元。如果按年或不同周期获得劳动报酬的，应折算出月平均劳动报酬；实物报酬要折合成现金填报。"
79,劳动力,我想知道城镇人口失业率是怎么计算,"全国城镇调查失业率的基础数据来源于劳动力调查。劳动力调查是国务院批准建立的一项重要统计调查制度，由国家统计局负责组织实施，用于搜集全国城乡劳动力的就业失业数据。劳动力调查的频率为月度，调查对象是从我国31个省（区、市）的城镇和乡村地域范围内随机抽选的住户，抽中户中在调查时点的现住人口（居住在本户的人口）和常住人口（包括本户人口中外出不满半年的人口）均接受调查，不受地域、户籍、年龄等限制。全国样本量约34万户／月，城镇约25万户／月，乡村约9万户／月，覆盖全国2800多个区县，涉及约2.1万个社区／村。为避免样本老化、减轻调查户负担，住户样本按2－10－2方式轮换，即每个调查户连续两个月接受调查，在接下来十个月退出调查，第二年相同月份再接受两次调查后彻底退出。
城镇人口失业率主要依据全国月度劳动力调查的抽样数据，按国际通行标准推算得出，计算公式为，失业率 = 失业人口 ÷（就业人口 + 失业人口）×100%。
我国16岁及以上人口可分为劳动力和非劳动力，其中劳动力包括就业人口和失业人口。调查失业率分子为失业人口，分母为劳动力人口（失业人口与就业人口之和），而非全部16岁及以上人口。由于非劳动力人口并未参与到调查失业率的计算中，因此调查失业率衡量的是劳动力人口中失业人口比重，而不是全部16岁及以上人口中失业人口比重。举例来说，假设我国城镇调查失业率为5.0％，通俗讲100个劳动力中有5个失业人口，而不是100个16岁及以上人口中有5个失业人口。
调查员入户采集信息后联网直报国家统计局，经加权汇总推算出全国及各省数据。该指标具有国际可比性，覆盖包括进城农民工在内的所有城镇常住人口，既能反映城镇劳动力市场供需和宏观经济运行状况，也为就业政策制定和宏观调控提供依据。"
80,劳动力,问题 55: 劳动力调查中，小王经营一家早餐店他自己主要负责厨师工作，另外雇一人负责收银和服务员。小王就业身份属于雇主还是自营者??,在劳动力调查中，经营早餐店的小王就业身份应归类为 “雇主”。根据调查标准，雇主是指自负盈亏、拥有生产经营决策权，且雇用他人工作并支付工资的人员，而自营者则是既不被雇也不雇人的情况；小王不仅亲自负责早餐店运营和厨师工作，拥有生产经营决策权，还雇用了一名人员负责收银和服务并支付工资，完全符合 “雇主” 的定义，而自营劳动者的特征是既不被雇也不雇用他人因此不属于自营者。
81,劳动力,劳动力调查中，小赵因要照顾不满周岁的孩子没有工作，但为增加收入在微商卖儿童品。虽然每天都在朋友圈推销商品但未卖出任何商品，问卷F10如何填写?,"劳动力调查问卷F10为“是否为取得报酬工作过1小时以上？”判断标准是调查对象在参考周（3日—9日）是否为取得报酬工作过1小时以上，涵盖固定工作、兼职、打零工等形式。只要是为获取工资、实物报酬或经营收入从事的生产经营服务活动，时长达标就填“是”；无此类工作则填“否”。
时间范围必须是参考周，无论参考周以外是什么状态。目的必须是取得报酬，无论实际是否取得了报酬。必须能够满足他人的需要，不包括自产自用的属于工作。做家务、种自家吃的菜、自有房屋收租、自有资金炒股的不属于工作.
调查对象小赵目的是为增加收入做微商是工作，只要在参考周内推销商品累计1小时以上，在问卷F10处该填写“是”。"
82,劳动力,劳动力调查中，在村、社区工作的人员，在劳动力调查中单位类型是什么,"在劳动力调查中，村、社区工作人员的单位类型通常为 “机关团体事业单位”；包含三种情况机关或团体或事业单位。具体需调查员询问查看社区的注册资料，了解其所有权结构和资金来源，以判断其是否属于事业单位或社会团体。
团体是指社会团体，指中国公民自愿组成，为实现会员共同意愿，按照其章程开展活动的非营利性社会组织。包括①经各级民政部门核准登记，领取《社会团体法人登记证书》的各类社会团体；②由各级机构编制管理部门直接管理其机构编制的群众团体；③经国务院批准可以免于登记的社会团体。如群众团体（各级工会、妇联、共青团等）、学术性团体（学会、研究会）、专业性团体（各类从事专业业务的促进会）、行业性团体（协会、商会）、联合性团体（联合会、联谊会、同学会、校友会）等。
事业单位是指国家为了社会公益目的，由国家机关举办或者其他组织利用国有资产举办的，从事教育、科技、文化、卫生、体育的社会服务组织。包括经机构编制部门批准成立和登记或备案，领取《事业单位法人证书》，取得法人资格的单位；事业法人单位的本部及分支机构或派出机构。"
83,劳动力,劳动力调查中，在电大上学的人劳动力调查学历怎么填,在电大上学的人在劳动力调查中填写学历时，应根据其学习状态和取得的学历情况来填报。如果已经完成电大的学业并取得毕业证书，应根据毕业证书上的学历层次（如大学专科、大学本科等）进行填报。如果尚未完成学业，无论是肄业还是在校状态，都应按照入学前的最高学历进行填报，而不是按照电大的在学状态填报。因为电大属于成人非全日制教育，这类教育形式的学历填报均以是否取得毕业证书为核心依据，在职就读但未毕业的人员，只能按原有最高学历填报。
84,劳动力,劳动力调查中，在家备考公务员的人员算失业吗?,"在家备考公务员的人员是否算作失业，需严格对照我国劳动力调查的失业人口定义来判断。失业人口是指16岁及以上人口中同时满足以下三个条件的人：①在调查参考周内没有工作；②在调查时点前3个月内找过工作；③如果有一份合适工作，能够在2周内立即开始工作。从定义可以看出，失业人口与无工作人口不能简单画等号，只有同时满足条件②和③的无工作人口才是失业人口。
在家备考公务员考试属于“找过工作”，符合调查规定中 “为找到工作参加培训、实习、招考” 的求职范畴，指为寻找到某项工作而参加相关培训、进行专门实习或准备招录考试。如果在校学生有工作意愿且有找工作行为，但不能马上开始工作，他们不属于失业人口。如果备考公务员的人没有工作，但正在为获得公务员职位而准备考试，且符合失业人口的定义，那么他们可能被归类为失业人口。实际统计中会由调查员根据具体情况判定。"
85,劳动力,在劳动力调查时小赵因要照顾不满周岁的孩子没有去工作但为增加收入微商卖儿童品每天都在朋友圈推销商品但未卖出任何商品算有工作吗?,根据劳动力调查的相关规定，小赵在朋友圈推销儿童用品的微商行为，即便没有卖出商品、没有实际收入，在调查中也应填写“是”，即认定为从业。因为劳动力调查里的 “从业” 定义是为取得报酬或经营收入从事生产经营服务活动，只要行为目的是获取收入，无论是否实际获利都算从业；小赵的微商行为是以增加收入为目的的个人经营活动，既不属于无酬家庭帮工、义务或公益性劳动，也不是单纯的家务劳动，完全符合从业的判定标准。
86,劳动力,在劳动力调查中靠出租房屋收取租金生活的人F10“是否为取得报酬工作过1小时以上？”如何填写,在劳动力调查中，靠出租房屋收取租金者填写问卷 F10（调查参考周内是否为取得报酬工作过1小时以上）的核心判断标准是是否提供了与房屋出租相关的服务性劳动：如果仅单纯收取租金，未从事房屋管理、维修、整理等相关劳动，F10 应填 “否”；如果在调查参考周内，为出租房屋提供了管理、维修、为租客服务等劳动且时长达到1小时以上，F10 应填“是”。若被调查人同时从事其他工作，需单独结合该工作的情况判定，与出租房屋的判定互不影响。
87,劳动力,在劳动力调查中靠出租房屋收取租金生活的人是有工作的吗?,在劳动力调查中，靠出租房屋收取租金生活的人是否算作有工作，核心看是否提供了相关服务性劳动：单纯依靠租金生活的不算有工作，因为租金属于财产收入而非劳动报酬；但如果在出租过程中提供了整理房屋、管理场地等服务性劳动，就应视为有工作。必须能够满足他人的需要，不包括自产自用的属于工作。调查判定的关键是看被调查人在调查周内是否从事了为取得报酬或经营收入的劳动，仅收租金填 “否”，提供相关服务则填 “是”；若同时从事其他兼职、零工，也需计入 “有工作” 范畴。
88,劳动力,在劳动力调查中，小红在家带小孩，有空的时候在朋友圈卖饰品，但调查期内没有卖出算有工作吗,根据劳动力调查的相关规定，小红在朋友圈卖饰品的行为应被视为 “有工作”，调查中需填写 “是”。因为劳动力调查里的 “工作”，指的是为获取工资、实物报酬或经营收入而开展的生产经营服务活动，只要行为目的是取得报酬，无论是否实际卖出商品、获得收入，都符合工作的定义；小红的微商推销属于以赚取收入为目的的经营活动，且不属于无酬家庭帮工的范畴，因此即便调查期内没有卖出饰品，也应判定为有工作。
89,劳动力,在劳动力调查中在调查参考周内大学生利课外时间兼职当家教算有工作吗,在劳动力调查中，大学生利用课外时间兼职当家教应被认定为有工作。因为调查定义的工作是为获取工资、报酬或经营收入而从事的生产经营服务活动，且只要在调查参考周内工作时长达到 1 小时及以上就符合标准；兼职家教是以赚取劳务报酬为目的的活动，不属于义务或公益性劳动，通常能满足时长要求，因此应被统计为有工作状态。
90,劳动力,在综合专科医院从事护士的人员，劳动力中行业和职业编码分别是什么,在劳动力调查中，综合专科医院护士的行业和职业编码遵循对应国家标准，具体为：行业编码按《国民经济行业分类》（GB/T 4754-2017）划定，属于卫生和社会工作大类（Q）、卫生中类（84）、医院小类（841）下的综合医院，编码为 8411；职业编码依据《职业分类与代码》（GB/T 6565-2015），归为医疗卫生专业技术人员中类（2-05）、护士小类，具体编码为 2-05-08，这些编码适用于统计、人力资源管理等标准化场景，若需最新或地方性调整，可参考当地统计部门文件。
91,劳动力,劳动力调查中王阿姨是手工活的，上周没有接到活，劳动力调查中王阿姨属于有工作没上班吗,在劳动力调查中，手工活灵活就业的王阿姨上周没接到活，应认定为无工作状态，F11（是否有工作但没上班）需填 “否”。因为 “有工作但没上班” 的判定前提是有明确工作单位或岗位，仅因特殊原因暂时未上班；而灵活就业人员的工作具有不稳定性，没有固定岗位和任务安排，调查参考周内没接到零活就属于无工作，而非 “有工作未上班”，即便停工未超 1 个月，也不符合 “有工作但没上班” 的归类标准。
92,劳动力,我是一名劳动力调查员，在调查期入调查时了解到有一户，一直在外地定居的女儿和孙子正好休假回娘家探亲小住一周，请问女儿和孙子是否需要登记调查?,女儿和孙子不需要登记调查。劳动力调查以户为单位进行登记，调查的是调查时点居住在本户的人，以及本户户籍人口中外出不满半年的人。女儿和孙子只是休假回娘家探亲小住一周，并非长期居住在此户，不属于调查时点居住在本户的人员，也不属于本户户籍人口中外出不满半年需登记的情况，所以无需登记调查。
93,农业农村,20平方米大概等于多少亩,20 平方米约等于 0.03 亩，具体换算可依据平方米和亩的换算关系：1 亩 = 666.667 平方米、1 平方米≈0.0015 亩，计算时用 20 乘以 0.0015 即可得出结果；若需更精确换算，可使用公式X平方米÷666.667=Y亩或X×3÷2000=Y 亩（X 代表平方米数，Y 代表亩数）。
94,农业农村,在粮食调查中，蚕豌豆应该登记为什么品种?,"蚕豌豆应该登记为豆类。
粮食作物主要分谷物（包含早稻、中稻和一季晚稻、双季晚稻、小麦、玉米、其他杂粮（谷子、高粱、大麦、燕麦、荞麦、其他谷物））、豆类（包含大豆、其他豆类（绿豆、红小豆、蚕豌豆等其他杂豆））和薯类（甘薯、马铃薯）三
大类。"
95,农业农村,在粮食调查中，单季晚稻和双季晚稻的划分标准是什么?,"根据其播种期、生长期和成熟期的不同，按早稻、中稻和一季晚稻、双季晚稻三类分别做统计。其中，早稻指栽培时间较早且成熟早的南方籼稻，收获时间在三季度中旬之前，主产区包括湖南、江西、广东、广西等地；中稻及一季晚稻，指一年只种一季的一熟单季稻，包括籼稻、粳稻、糯稻等。主要分布在中国秦岭—淮河以北，长江流域北部，四川盆地和云贵高原，主产区包括黑龙江、江苏、安徽、湖北、四川等地；双季晚稻指，在同一块稻田里，早稻收割后，通过连作、间作和混作等方式种植和收获的其他季稻谷，分布与早稻相近。
单季晚稻和双季晚稻按照种植时间节点来区分。4 月种植的是早稻，5-6 月种植的是中稻和一季晚稻（统称单季晚稻），7-8 月种植的是双季晚稻。"
96,农业农村,农业调查中，番薯应该登记为什么品种?,番薯在农业统计和分类中应统一登记为“甘薯”，不能填写为 “其他薯类”。因为番薯的别名虽包含红薯、地瓜、白薯等，但在统计标准里有明确的统一名称。
97,农业农村,在粮食调查中，关于晚稻实割实测标准取样流程是怎么样的,"1.踏田估产。由村干部、有经验的老农或种植能手、调查员3-5 人组成踏田估产小组。在稻谷成熟前一星期到十天左右踏田估产小组进行踏田，对样方中的地块逐块进行估产，样方地块无估产作物的按编号顺延。
2.准备工作。对抽中样方地块，事先与承包的农户联系，确保农户在大田收割前2-3 天通知调查员，及时收割样本谷。准备工具：镰刀、测框、脱粒机、稻谷袋（蛇皮袋）、样本谷袋、扫把、筛子、测水分仪、电子称等工具。注意，1、在实割实测前，农户不能进行收割。2、要给稻谷袋（蛇皮袋）、样本谷袋写上样本田块编号，避免混淆。选好点位：调查员叫上一个帮手，带上镰刀、测框、稻谷袋（蛇皮袋）到样本田块，观察田块的稻谷整体长势，按直线法、梅花法、垄测法均匀放置3 个小样本,样本要能代表该田块长势。
3.使用测框割稻。先割出能容纳1 人站立的地方，然后把测框垂直插入土中，尽量插到底，保持测框平行地面的长杆离地10-15 公分，一边旋转，一边收割，碰到半棵就割半棵，碰到一根就割一根，碰到的稻谷都要齐根割掉，割好后稻谷朝下放入稻谷袋（蛇皮袋），割完之后转一圈检查一遍。
4.脱粒、去杂质。脱粒：垫布在干净的地面上，脱粒机靠墙放置，防止脱粒时谷粒飞溅。脱粒完成后既要收集散落地面的谷粒，还要清理脱粒机内的谷粒，脱粒完成后拍打脱粒机，保证不漏一颗谷粒。去杂质：用扫把扫谷粒，不要遗漏谷粒，用筛子过筛去除杂质。过筛时，筛子放低，以防谷粒掉的太散。把过筛后的稻谷装入样本袋。
5.晾晒、称重、测水分。天气好的时候在干净的地面进行晾晒，或用空调吹，1个晚上就能好。晾晒好后进行称重，注意要扣除样本谷袋的重量。水分含量过高要加晒。
6.填报数据。在割完稻谷，用PDA 拍完测产框的照片之后，需打开相册，对所有照片再进行一遍检查，确保每张照片数量完整，照片清晰准确，以免之后审核发现，农户已将稻田收割完无法补拍。使用PDA 填报，样本田块的晚稻重量、水分等数据。样本谷至少完整保存3 个月。晚稻实割实测工具要妥善保存，以便下次使用。"
98,农业农村,农业调查中，假设一亩葡萄田地上种满了土豆应该如何填报?,"若葡萄田地已完全改种土豆。该地块应按实际种植的土豆（粮食作物）填报，不再统计为葡萄（园地作物）。需在调查表中将面积归入用于农作物种植的土地面积 。
在登记各类农作物在本年度内生产的数量，薯类按鲜薯重量统计上报，统一按5:1折算粮食产量；"
99,农业农村,介绍一下国家统计局的农业增加值核算,"指农业生产货物或提供服务活动而增加的价值，为农业现价总产值扣除农业现价中间投入后的余额。增加值也叫附加价值或追加价值，是指各单位生产经营的最终成果，即本单位或本行业对社会所作的贡献。从宏观上来税，增加值是计算国内生产总值的基础，即各部门增加值之和就是国内生产总值；从微观上来说，增加值能客观反映企业单位或行业的投入、产出、效益、速度和收入等情况。因此，计算增加值不仅是国民经济宏观管理的需要，也是微观的企业和行业管理的需要。
由于农业产值和中间消耗资料难以取得，目前农业增加值主要采取分配法或增加值率的方法进行计算。计算公式为“农业增加值=农业总产出-农业中间消耗”（总产出是农业生产的全部货物和服务价值总和，中间投入是生产中消耗的种子、化肥等物质产品和运输、修理等服务性投入）；核算农业增加值，既能直观反映农业经济发展规模、分析发展速度和趋势，也能为政府制定农业政策提供依据，还可通过分析增加值中各产业的比重变化，评估农业产业结构调整的效果。"
100,农业农村,粮食调查中，开展实割实测什么时候开始踏田估产?,"由村干部、有经验的老农或种植能手、调查员3-5 人组成踏田估产小组。在稻谷成熟前一星期到十天左右踏田估产小组进行踏田，对样方中的地块逐块进行估产，样方地块无估产作物的按编号顺延。
对第一块田特别仔细观测，注意粮食品种、播种方法、种植密度、病虫害、自然条件等各方面因素，以及与往年比较，统一估产意见，以这块田作为标准板田，以后其他田块估产均以其比较。"
101,农业农村,粮食安全监测小品种粮食全面调查怎么调查,"为精准掌握小品种粮食作物生产情况，服务粮食安全决策摸清生产实情。1. 深入田间地头开展小品种粮食作物生产情况专项调研，重点摸排作物分布、种植模式及管理难点。组建调研小组，分片包干走访种植户，通过实地踏勘、面对面交流等方式，全面掌握小品种作物生长周期、产量特征等基础信息。建立动态监测机制，结合农时节点定期回访重点区域，跟踪记录作物长势变化。针对调研中发现的共性难题，联合农业技术专家开展现场研判，提出分类指导建议，为科学制定调查方案提供实践支撑。
2.探索构建全流程数据质量控制机制，制定标准化调查操作规范，明确地块抽样、面积测算、产量评估等关键环节工作要求，强化风险预警与动态监管。积极测验上级部门下发的电子台账，通过逻辑校验、关联比对等方式筛查异常数据，及时反馈核实。探索实施影像记录制度，要求调查过程关键节点留存影像资料，增强数据溯源能力，切实保障源头数据真实可靠。
3.加强跨部门协作，联合农业、自然资源等部门尝试建立信息共享机制，积极获取种植大户台账、地理信息等资料，交叉验证调查数据。及时了解小品种作物种植户生产难题，梳理共性问题并提出对策建议。建立区、镇、村三级联动分析机制，研判小品种粮食生产趋势，为优化农业产业结构、落实惠农政策提供数据支撑。"
102,农业农村,粮食产量调查监测主要作用是什么?,"“粮食安全”是国家重要战略。农产量调查监测为国民经济核算提供可靠的调查数据，为党和国家科学制定农业政策提供决策依据。农产量调查监测是国家统计局为统计粮食播种面积、产量两项重要数据出台的统计方法制度。粮食统计数据直接反映粮食生产成果，为国家粮食安全政策的制定提供基础数据支撑。
粮食产量是国内外普遍关注的、关乎国计民生的、具有十分重要意义的基础性指标。1983年联合国粮农组织总干事萨乌马将粮食安全的概念表述为“确保所有的人在任何时候都能买得到又买得起他们所需要的基本食品”。目前国际社会广泛认同的粮食安全有三项具体目标：其一，确保生产足够的食品；其二，最大限度地稳定食品供应；其三，确保所有需要食品的人都能买得起。可以看出，粮食的生产和供应是粮食安全最基本的方面。粮食产量牵动着国家安全、人民福祉，粮食产量的每一笔数据都是国家粮食生产情况的实际反映，其重要性不言而喻。"
103,农业农村,粮食监测每个样方应拍摄多少张照片,粮食监测中每个样方的拍照要求明确：每个样方至少拍摄3 张照片，一般6 至7 张为宜，不超过10 张。照片要突显目标作物，能看出是拍哪一种作物。优先拍粮食作物、大面积作物、特殊作物或特殊地块（如暂未播种的耕作用地的地块）拍摄需在调查时点完成，目的是完整记录样方内作物的种类和分布情况，确保照片数量和质量满足审核要求。
104,农业农村,浙江粮食监测全年共有几次调查,"全年粮食监测调查的次数依据粮食播种和收获季节安排，按时间分，共有12 次调查；按类型分，面积调查4 次；意向调查2 次；预产调查3次；实产调查3 次；实割实测调查2 次。国家县比其他区县多2 次意向调查和3 次预产调查。1、12 月秋冬播第一次面积调查；2、 2 月全年意向调查（国家县）；3、 3 月秋冬播第二次面积调查；4、 5 月春播（早稻）面积调查；5、 5 月夏粮预产调查（国家县）；6、 6 月夏粮实产调查；7、 7 月早稻预产调查（国家县）；
8 、7-8 月早稻实产（早稻实割实测）调查；9 、8 月夏播面积调查；10、 9 月秋冬播意向调查（国家县）；11、 9 月秋收粮食预产调查（国家县）；12、 10-11 月秋粮实产（晚稻实割实测）调查。
按照国家统计局《农林牧渔业统计调查制度》统一推算全省及产粮大县数据，统一组织管理设区市调查数据的审核、评估、核实、反馈、发布。"
105,农业农村,浙江粮食监测晚稻实割实测踏田估产时间节点,粮食监测晚稻实割实测的踏田估产，全国统一要求在稻谷成熟前一星期到十天左右踏田估产小组进行踏田，具体时间可根据作物长势和区域气候调整；按时间分，时间节点为10-11 月进行秋粮实产（晚稻实割实测）调查。
106,农业农村,农业调查中，菱角属于蔬菜吗,菱角因其富含淀粉、生长环境为水生且食用方式与配菜或主食相近，常被归入水生蔬菜中的淀粉类蔬菜，与莲藕、茭白等并列。在农业调查统计分类来看，菱角需填写分类为“蔬菜”。
107,农业农村,农业统计遥感空分分布测量工作怎么开展,粮食种植面积采用全面统计与抽样调查相结合、卫星遥感监测与实地测量相结合的方法。遥感业务内容包含空分测量，二类测量和长势测量。空分测量各季主要农作物种植面积。一年三季四种作物（小麦、早稻、一季晚稻、双季晚稻）。1、核查范围，在每季主要农作物空间分布测量初步成果完成后，以市为单位分批反馈初步成果数据，以上一年空分面积与核定面积作为基底，以县为单位进行数据检查。2、核查方法，数据检查方法包括佐证数据收集、数据比对检查、实地抽样检查、目视判读检查等。具体方法：提供无人机影像材料、其他部门的种植信息矢量数据、历史同期数据等成果进行对比。（1）农业、自然资源部门将成果转交给统计部门，由统计部门或公司检查。（2）统计人员+农经人员+技术人员带成果共同检查。（3）无成果但有基础资料，对重点区域自查。（4）无成果和基础资料，逐个地块进行目视判读。3、遥感数据检查、目视判读核查与软件核查等工作。
108,农业农村,浙江粮食调查中，秋粮入户调查有哪些粮食作物,"秋粮是指秋季收获的粮食作物，它是我国全年粮食产量的重要组成部分，占比约 20-30%，对保障粮食安全至关重要。
秋粮入户调查的作物有8 种，分别为单季晚稻、双季晚稻、玉米、大豆、马铃薯、番薯、其他豆类、其他谷物（小杂粮）。预产调查每种作物选择3-5 户开展入户访问调查。实产调查每种作物选择5 户开展入户访问调查。夏粮或秋粮入户调查时，若全村范围内作物不足8 种的，有几种填几种。每种作物全村不足户数的，则有几户填几户。"
109,农业农村,浙江粮食调查中，全年种植面积调查一共有几次?,面积调查4 次，包含12 月秋冬播第一次面积调查、3 月秋冬播第二次面积调查、5 月春播（早稻）面积调查和8 月夏播面积调查。
110,农业农村,农业普查中，农户入户实产调查PDA内填报作物产量计算标准是,入户实产调查中，PDA 内填报的作物产量具体计算与折算标准如下：（1）谷物按脱粒后的原粮计算；（2）豆类按去豆荚后的干豆计算；（3）薯类按鲜薯重量统计上报，统一按5:1折算粮食产量；（4）棉花按去籽后的皮棉计算；（5）麻类除亚麻以麻杆计算，苎麻以刮皮后的干麻计算，苘麻和线麻以熟麻皮计算外，其余一律以生麻皮计算。一般情况是一公斤熟麻皮可折为二公斤生麻皮，如果原来就习惯按熟麻皮计算的，亦要按比例折成生麻皮后上报；（6）烟叶以干烟叶计算；（7）油料包括花生、油菜籽、芝麻、胡麻籽、葵花籽和其他油料（如苏子等），不包括大豆，也不包括木本油料和野生油料。花生以带壳的干花生计算；（8）糖料主要包括甘蔗、甜菜等。甘蔗以蔗茎计算。甜菜以块根计算；（9）瓜果包括西瓜、香瓜（甜瓜）、草莓和其他瓜果（如人参果）等非园林水果，按实收的鲜果计算产量。
111,农业农村,晚稻的单产一般多少,一季晚稻单产参考范围为300－650公斤／亩，主要分布在秦岭 — 淮河以北、长江流域北部、四川盆地和云贵高原等地；双季晚稻单产参考范围为 250－600 公斤／亩，多在早稻收割后种植，分布区域与早稻相近。晚稻单产需通过国家统计局规定的实割实测方法获取，测产时要按照籼稻水分13.5%、杂质1.0%，粳稻水分14.5%、杂质1.0% 的国家标准，考虑水分、杂质等因素计算；浙江地区的一季晚稻单产一般不超过650公斤／亩，双季晚稻单产为250－600公斤／亩，若各粮食品种的单产超出上述范围，请仔细核实，如确实为真实情况，要求填写相关原因。如一季晚稻单产超过650公斤，说明种植品种，正常亩产范围，去年亩产情况等。
112,农业农村,浙江粮食调查中、夏粮包含什么作物,"夏粮入户调查的作物8 种：冬小麦、大麦、春玉米、其他谷物、大豆、其他豆类（含蚕豌豆）、马铃薯、甘薯，其余不填。
预产调查每种作物选择3-5 户开展入户访问调查。实产调查每种作物选择5 户开展入户访问调查。夏粮或秋粮入户调查时，若全村范围内作物不足8 种的，有几种填几种。每种作物全村不足户数的，则有几户填几户。"
113,农业农村,粮食调查中，玉米是不是属于粮食,粮食调查中，玉米属于粮食范畴中的“谷物”，与稻谷、小麦等同为主要谷物种类，对粮食增产有着显著贡献。在粮食统计中，玉米仅统计作为粮食用途的部分，分为秋玉米和春玉米，不包含青贮饲料玉米和鲜食玉米，且只将其干、鲜形式及玉米粒纳入统计，玉米面等加工制品不计入粮食统计范围。
114,农业农村,农业调查中，在开展野外调查前应该先检查哪些东西和步骤?,开展野外调查前需做好全面准备工作，具体包括：选聘并培训合格的调查人员，确保其熟悉调查流程、设备操作及相关法规。国家统计局各调查总队负责具体组织实施实地调查，根据本地实地调查工作需要配备必要的工作设备和保障。现场调查需要采用必要的防护设备和措施，包括实地调查员专用野外工作服、防护药品、必要的人身保险和其他防护设备。现场调查用调查处理设备，包括高精度PAD（遥感野外调查移动终端）、无人机、移动工作站以及其他必要的硬件设备。调查数据后处理所需设备，包括各级用于遥感影像、调查结果的存储管理及移动采集终端管理使用的PC 服务器及存储设备、图形工作站、高性能桌面电脑或笔记本电脑。调查数据处理所需的软件，包括配套的操作系统、数据库软件、遥感地理信息专用软件、实地调查专用软件等。
115,农业农村,在实割实测时如何选取实测地块的三个样本点??,在抽中的实测地块样本中，如果调查作物连片种植的，直接在抽中自然地块内按直线法、三角边法、垄测法等随机、均匀放置3 个小样本（10 平方尺）；如果调查作物交叉、分块种植的，则先确定种植该作物的地块，然后均匀放置3 个小样本。小样本间的距离参考以下公式计算：d=sqrt（a）/n（其中，d 为距离，a 为样本地块面积，n 为小样本数量，这里n=3。
116,农业农村,我家有台久保田拖拉机，发动机参数：缸数：4缸，标定功率（12h）：62.5 kW，标定转速：2500 r/min。在四农普中应该登记到什么分类,"在用的农用机械  指被登记人或组织拥有，且在调查时点向前1年周期内，投入过农业生产作业且未被报废的农业机械；或被普查人或组织新购买，尚未投入农业生产的农业机械。按照《普查用农用机械目录》中的农用机械名称（代码）填写。您的拖拉机属于“大中型拖拉机”。
大中型拖拉机：指发动机额定功率在22.1kW（30马力）（不含）以上用于牵引、推动、携带或/和驱动配套机具进行作业的自走式动力机械，有轮式和履带式两种。分为36.8kW（50马力）以下大中型拖拉机和36.8kW（50马力）及以上大中型拖拉机。"
117,农业农村,农业调查中，土地流入面积是什么意思,"土地流入面积  指在调查时点，本村普通农户、规模户（家庭农场）、农民合作社、农业企业等经营主体有土地经营权，通过转包、转让、出租等方式流入到本户（或单位）的，处于耕地流转合同（或口头协议）有效期的土地面积。
它反映了土地经营权在不同主体间的转移情况，是衡量土地流转活跃程度的重要指标，比如农户通过租赁获得其他农户的耕地使用权，这部分耕地面积就会被计入土地流入面积，这种流转方式有助于优化土地资源配置、提高农业生产效率。"
118,农业农村,农业调查中，调查员在现场，如何区分未成熟的冬小麦与韭菜,区分未成熟冬小麦与韭菜，可从叶片形态、茎根特征、气味及生长环境综合判断：冬小麦叶片细长窄直、边缘有细微锯齿，叶基有透明叶耳和舌状突起，叶片互生丛生，茎为圆形中空禾本科秆，根系是无主根的须根系，折断后只有青草味，多大面积成片种植在农田里；韭菜叶片扁平宽软、边缘光滑、叶尖圆钝，无叶耳叶舌，叶片从地下鳞茎顶端两列对称生出，基部有白色假茎，根系是带短缩鳞茎的须根系，折断后会散发辛辣味，多在菜园小片种植。快速鉴别可按 “看叶片宽度→查叶基结构→闻气味→看种植方式” 的步骤，若仍不确定，可等小麦抽穗后再区分。
119,农业农村,农业调查中，什么是农作物播种面积？与耕地面积有什么区别？,农作物播种面积是指全年实际播种的粮食作物与经济作物的面积，无论种植在耕地还是非耕地上的播种或移植面积，播种一次就统计一次，凡是本年内收获的农作物，无论是本年还是上年播种，都算为当年播种面积，但不包括本年播种、下年收获的农作物面积。是反映一定时期内农作物实际种植情况的动态流量指标；它和耕地面积有着明显区别，耕地面积是指可种植农作物的土地面积，包括熟地、新开发、复垦、整理地，休闲地（含轮歇地、休耕地）等，是反映某一时间点土地资源状况的静态存量指标，其统计范围包含未播种的土地，而农作物播种面积仅统计实际播种的面积，且会根据一年中多次播种的情况累加计算。
120,农业农村,粮食调查中，计算粮食产量时用的水杂折算系数是多少？,计算粮食产量时的水杂折算系数，计算公式为水杂折算系数 = [(1 - 实际化验的含水杂质率)÷(1 - 国家水杂标准率)]×100；不同稻谷的水杂国家标准存在差异，比如早稻的水杂国家标准为 14.5%（含 13.5% 水分、1.0% 杂质），单晚和双晚的水杂国家标准为 15.5%（含 14.5% 水分、1.0% 杂质），小麦13.5%（水分12.5%、杂质1.0%）。
121,农业农村,浙江粮食调查中，夏粮和秋粮包括哪些,"夏粮入户调查的作物8 种：冬小麦、大麦、春玉米、其他谷物、大豆、其他豆类（含蚕豌豆）、马铃薯、甘薯，其余不填。早稻入户调查的作物只有早稻。秋粮入户调查的作物有8 种，分别为单季晚稻、双季晚稻、玉米、大豆、马铃
薯、番薯、其他豆类、其他谷物（小杂粮）。若村中有作物开展实割实测的，则该作物不重复填报。
预产调查每种作物选择3-5 户开展入户访问调查。实产调查每种作物选择5 户开展入户访问调查。夏粮或秋粮入户调查时，若全村范围内作物不足8 种的，有几种填几种。每种作物全村不足户数的，则有几户填几户。"
122,农业农村,在农业普查中，“农业生产经营单位”和“农户”这两个概念的核心区别是什么？请举例说明一个可能被归类为“农业生产经营单位”但容易被误认为是“农户”的经营主体,"农业普查中 “农业生产经营单位” 和 “农户” 的核心区别体现在定义性质、组织形式、规模专业化程度、法律地位及统计填报方式上：农业生产经营单位是依法成立、具有法人资格或组织形式的经济组织，指农户以外的国营农林牧渔场（包括农垦、司法、侨办系统办农场）、集体农场、联营农场、私营或个体农场等，有固定组织机构、规范管理方式和独立会计核算体系，经营规模大、专业化程度高，需填报涵盖经营状况、资产负债等的详细普查表；农户是以家庭为单位的个体经济主体，无独立法人资格，以家庭劳动力为主、雇用人员少，无完整会计核算，经营规模小且多为单一生产环节，仅需填报土地面积、生产情况等基础信息。
像依法登记注册、拥有一定土地规模、配备现代化设备和管理团队、有完整财务核算的家庭农场，虽以家庭为单位经营，但属于农业生产经营单位而非普通农户。"
123,农业农村,“粮食产量抽样调查”与“全面农业普查”在数据获取方式和覆盖范围上有何本质区别？各自的主要优势和局限性是什么？,粮食产量抽样调查与全面农业普查在数据获取方式、覆盖范围、优劣势上有显著区别，二者可相互补充：粮食产量抽样调查是非全面调查，通过分层两阶段抽样等概率抽样方法，结合对地抽样、遥感测量和实割实测技术抽取样本村、样方地块，针对稻谷、小麦等主要粮食品种的播种面积和单产开展调查，能以较低成本快速获取数据，灵活性高且误差可控，适合常规动态监测，但存在样本代表性受限、覆盖范围窄、依赖技术手段的局限；全面农业普查是每 10 年一次的全面调查，对全国所有农业生产经营者及相关地块逐一登记，覆盖农业生产条件、农村劳动力、农民生活等全方面内容，数据全面详实，可为常规统计提供基础抽样框，利于长期规划，但存在实施成本高、周期长、无法满足实时监测需求的不足。
124,农业农村,主要粮食农作物的生长时间大概是什么时候,主要粮食农作物的生长时间因作物种类、气候条件和种植区域而异，具体来看：水稻分多个类型，南方早稻 3-4 月播种、7-8 月收获，中稻 / 单季稻 5-6 月播种、9-10 月收获，晚稻 7 月播种、10-11 月收获，东北单季稻 4-5 月播种、9-10 月收获；小麦里冬小麦在华北、黄淮地区 9-10 月播种，长江流域 10-11 月播种，次年 5-6 月收获，春小麦在东北、西北等寒冷地区 3-4 月播种、7-8 月收获；玉米的春玉米 4-5 月播种、9-10 月收获，夏玉米 6 月麦收后播种、9-10 月收获，南方玉米可多季种植；大豆的春大豆 4-5 月播种、9-10 月收获，夏大豆 6 月麦茬后播种、9-10 月收获，南方大豆可早春或秋季种植；马铃薯北方 4-5 月播种、8-9 月收获，南方 12 月播种、次年 3-4 月收获，甘薯北方 5 月栽种、10 月收获，南方可 4 月或 7 月栽种。此外，热带 / 亚热带地区可多季种植，温带地区多一年一熟或两熟，作物品种和耕作制度也会影响生长周期，全球产区如美国玉米带 4-5 月播种、9-10 月收获，东南亚水稻雨季和旱季均可种植。
125,农业农村,粮食调查中，地里作物还没收获，亩产怎么估算,作物尚未收获时，可通过多种方法估算亩产：踏田估产法是组织村干部、老农等组成小组，在作物成熟前 1 周到 15 天，选取代表性标准地块，按长势细分地块，结合作物长势、密度、穗粒数及土壤、气候等因素估产并记录；实割实测法是在作物成熟未大面积收获时，按直线法、品字法等均匀放置样本点，用 10 平方尺小样本实地收割，扣除收割、运输、脱粒损失后推算亩产，适用于小麦、稻谷等主要粮食作物；理论测产法是依据作物株数、穗粒数、千粒重等农艺数据，通过对应公式计算亩产，适用于密植作物；样本调查法是选取代表性地块，用实割实测或理论测产获取数据后推算整体产量，效率较高；历史数据与经验法是结合历年产量数据和当年气候、种植技术等因素预估亩产。估产时需注意在作物接近成熟时开展，对不同长势地块细分，实割实测要计算损失量，同时及时记录核实数据，可根据实际条件选择合适方法。
126,农业农村,粮食调查中，面积调查一个样方需要拍摄几张照片,粮食监测中每个样方的拍照要求明确：每个样方至少拍摄3 张照片，一般6 至7 张为宜，不超过10 张。照片要突显目标作物，能看出是拍哪一种作物。优先拍粮食作物、大面积作物、特殊作物或特殊地块（如暂未播种的耕作用地的地块）拍摄需在调查时点完成，目的是完整记录样方内作物的种类和分布情况，确保照片数量和质量满足审核要求。
127,农业农村,出售的仔猪算出栏吗？,出售的仔猪不算出栏。根据畜牧业统计的相关规定，出栏特指将畜禽出售或宰杀用于终端消费的行为，而出售的仔猪通常是指用于繁殖或进一步饲养的幼畜，不属于出栏的范畴。
128,住户,住户调查中，按月发放的提成可以跟基础工资在一起记吗？,按月发放的提成在性质上属于劳动报酬中的奖金范畴，因此根据住户调查中关于工资的定义，指就业的住户成员通过劳动从单位或雇主按月获取的各种现金报酬，包含单位或雇主按月从工资中代扣的各种扣款（含个人所得税）。如：按月发放的计时计件劳动报酬、按月发放的奖金或工作津贴、住房补贴、交通补贴、车改补贴、通讯补贴、冬季取暖费、防暑降温费、加班费等；工作单位按月代扣的应由个人承担的养老保险、医疗保险、失业保险和住房公积金、个人所得税；单位在工资中按月代扣的房租、水费、电费、托儿费、医疗费、借款等。上述由单位代扣的各项费用应当同时计入相应的消费支出或转移性支出中。工资按照收付实现制计算，按月打到个人银行账户、银行卡的工资应及时记账，本调查期内应得但因拖欠等原因未得到的工资暂不计入，在实际得到工资时再记入日记账（计入“补发工资”）。农村非农务工人员（如泥瓦工、挑夫、保姆等）按月得到的各种现金报酬也计入在内。故此按月发放的提成应该与基础工资合并计算入工资项，“按月发放的工资(含奖金、津贴)”（参考编码：210111）。
129,住户,住户调查中，退休后续继续工作每月领取退休金但仍继续工作的领取工资收入的人员是否属于从业人员,属于从业人员。根据定义，从业人员是指在调查期内从事任何以获取报酬或经营收入为目的的生产经营和社会经济活动的人。对于离退休人员而言，只要其为了获取收入而继续从事工作（无论是否领取退休金、工作时间长短），均应视为“从业人员”。
130,住户,住户调查中，参加储蓄性保险返还现金如何处理？,"居民家庭参加储蓄性保险，每年交纳一定的保险本金，交付一定年限后，保险公司返还部分现金，对于返还部分现金记账时，若能分清保险本金和收益，就要记2笔账：将返回的本金计入借贷性所得中的“收回储蓄性保险本金”（参考编码：260411），将收益计入财产性收入中“储蓄性保险净收益”（参考编码：230311）；若不能分清，则先记入“收回储蓄性保险本金”，待全部本金收回后，增值部分收入记入“储蓄性保险净收益”。
在执行记账时，必须确保资金性质清晰，避免本息混淆。若单笔返还同时包含本金与收益，应依据协议约定或实际比例进行分摊。特别需要注意的是，如果返还款项中掺杂了非储蓄性质的理赔收入（如意外伤害赔付），该部分应作为“一次性赔偿所得”独立核算，不得与储蓄性本息混谈。此外，对于返还金额中涉及的利息调整或其他相关费用，也需严格按照财务规范进行合规化处理，以确保账目准确反映保险资产的回收及盈利状况。"
131,住户,住户调查中，充值的各种会员费如何记账？,"在住户调查中，充值的各类会员费用不应进行简单归类，而必须根据会员身份所对应的具体服务内容进行拆分记录。具体而言，以内容消费和身心健康为主的服务支出，如视频平台（爱奇艺、腾讯等）、数字阅读与音乐（网易云、喜马拉雅等）以及运动健身APP（Keep、咕咚等）的会员费，应当归入“教育文化娱乐”大类下的“其他文化娱乐服务”。
相比之下，旨在通过会员身份获取购物折扣、配送优惠或综合生活便利的服务支出，其性质更偏向于商业辅助服务。因此，天猫、京东、拼多多等购物网站的会员费，以及美团、饿了么等外卖餐饮平台的会员费，应统一记入“其他商品和服务”大类下的“其他杂项服务”。在记账过程中，应准确辨析平台的核心功能，确保消费支出能够真实反映家庭在文化生活与杂项生活服务上的不同投入结构。"
132,住户,住户调查中，出差自己垫钱后来公司报销费这笔钱怎么记账？,出差自己垫钱后来公司报销费不需要记账，属于单位或雇主的中间消耗。其他报销可能会被记入“单位或雇主实物福利报销所得”项（参考编码：210251），指就业的住户成员从工作单位或雇主处获得的福利性质的报销收入，如暖气费、医疗费、餐饮费、交通费等报销收入。但注意此项不包括因工作原因发生的差旅费、餐饮费、交通费等报销收入（属于单位或雇主的中间消耗，不用记账）。该项目在汇总时将自动计入工作单位或雇主得到的实物产品和服务。
133,住户,住户调查中，出售旧汽车15万元该怎么记账？,出售旧汽车15万元应被记入非收入所得中的“出售其他财物和收回其他投资本金所得”（参考编码：250191）指住户或住户成员出售除上述（出售住房所得、出售股票、基金、收藏品本金所得、出售股票、基金、收藏品溢价所得(含亏损)、出售生产性固定资产所得、拆迁征地补偿所得）以外的其他家庭资产所得到的款项或收回其他投资时所收回的本金。出售其他财物所得如出售家庭拥有的汽车、家用电器、家具、书报杂志以及其他废旧物品所得到的款项，也包括转让住户或住户成员拥有的专利、商标、版权、著作权、软件、债权等财产权益所得到的款项。收回其他投资本金如收回集资款原值等。
134,住户,住户调查中，收到村里赔偿的土地征补偿该如何记账?,村里赔偿的土地征补偿应被记入非收入所得-非经常性转移所得中的“一次性赔偿所得”（参考编码：250241）指住户或住户成员因受到财产损失、人身伤害、精神损失等获得的一次性赔偿，包括保险理赔和来自国家、单位、个人得其他责任赔款，如一次性支付的人身意外事故赔偿、财产损失赔偿、住院医疗赔偿、交通事故赔偿等。不包括商业养老保险返回的年金或按月支付的养老金（计入养老金和离退休金的“其他养老金”）。应一次性支付但由于种种原因实际分若干次支付的赔偿款也计入此项。
135,住户,住户调查中，村里有发放养老金给60周岁以上的老人，收到钱的老人应该怎么记账？,"针对村委会向60周岁以上老人发放养老金的记账流程，老人在收到款项后应将其归类为转移性收入中的“其他养老金”（记账编码：240191）。这一分类指国家或地方政府给予的城镇无保障老人的养老金，农村地区给超过一定年龄的居民发放的带有养老性质的生活补助以及征地主体（如政府、企业或村集体）给失地农民按月或按年发放的养老金等。还包括商业养老保险按月或按年给予保险受益人的养老金。
在具体操作过程中，老人应在到账当月将其作为现金收入如实记录，并严格区别于城乡居民基本养老保险等其他保险金。若发放形式为米、油等实物，需折合为等值现金计入；若涉及补发款项，应按实际到账时间一次性登记并在备注中说明。准确的记账不仅能清晰反映个人收入明细，还具有重要的统计意义，有助于政府通过“转移性收入”项下的数据汇总，评估老年人福利政策的执行成效。例如，在2025年的记账示例中，应明确记录日期、金额及“村里发放的60岁以上老人养老金”等备注信息，确保记录的规范性与准确性。"
136,住户,住户调查中，工作餐记帐户折算市场价为30元一餐，但是单位提供搭伙费后，每餐实际支付10元，这该怎么记账？,"在住户调查记账中，针对单位提供的优惠工作餐，当工作餐的市场价高于个人实际支付价时，这部分价差被视为单位发放的实物福利。
具体操作时，应将市场价与自付额之间的差额（即 $30 - 10 = 20$ 元）记录为“工资性收入”下的“单位或雇主实物福利报销所得”（参考编码：210251）。与此同时，在支出端，个人实际支付的 10 元应按实际用途记入“其他在外饮食”（参考编码：313211）。通过这种记账方式，可以真实反映劳动者的综合待遇水平。需要注意的是，如果单位完全免费提供工作餐，则应将 30 元全额记为补贴折价；若实际支付金额已达到或超过市场价，则无需记录补贴折价，仅按实记支出即可。"
137,住户,住户调查中，到饭店请客吃饭怎么记账？,"在住户调查中，饭店请客吃饭的支出需根据“目的导向”和“支出构成”进行精细化分类，确保消费数据不被误记或漏记。常规的亲友聚餐、社交请客应统一归类为“其他在外饮食”（参考编码：313211），记录金额需包含餐费、服务费及酒水。然而，若该次请客具有明确的礼仪目的——如婚丧嫁娶、满月酒或子女升学宴——则需将其全额转记为“婚丧嫁娶宴请支出”（参考编码：552511）。
在实际操作中，还需注意“账物分离”：若席间赠送了礼品，应按礼品种类（如烟酒、服装、电子产品）分别记入相应的消费项目，而非混入餐费。此外，这种分类方式旨在准确区分日常消费、人情往来为消费水平测算提供高质量数据支持。"
138,住户,住户调查中，滴滴司机开车的车子，拿去保养的花费怎么记？,滴滴司机在进行车辆保养时，相关支出应根据费用性质进行精细化分类记账，归为非农业生产经营费用中的“交通运输、仓储和邮政业”（参考编码：510611），指住户或住户成员从事交通运输、仓储和邮政业生产经营活动所支出的费用，不含个人所得税。
139,住户,住户调查中，电车充电费怎么记账？,电动汽车的充电支出在财务记账中应将充电费用准确归类至“交通工具充电费”特定项目，参考编码351331进行记录，以确保统计口径的统一。在记录金额时，需以实际支付的结算账单为准，确保数据的真实性与准确性。
140,住户,住户调查中，因为罚款支出的钱要记哪里？,罚款支出需要记在转移性支出中的“其他经常转移支出”（参考编码：539911），该项包括：赔偿支出、给亲友的搭伙费；各种罚款，如交通罚款；政府部门向居民提供服务收取的服务费，如迁户口的办理费、办理身份证费、办理护照和签证费、人才存档费或档案保管费、交纳工会费、党费、团费以及学会团体组织费等。
141,住户,住户调查中，非常住人员每月给家里缴纳的水电费如何记账？,"在住户收支调查中，针对非常住人员（如长期在外工作的子女）为家庭缴纳的水电费，记账核心在于将其视作一次“收入转支出”的闭环处理。
由于非常住人员不属于本户常住成员，其个人收支不计入日记账，但其给家庭提供的资金支持必须体现。具体操作时，常住成员应先在“现金收支账”中将这笔款项记为转移性收入（假如该非常住人员未记帐户的亲人，通常使用“赡养收入”编码 240711），反映家庭资金的流入；随后，再根据实际缴纳的项目，在支出端对应记入“居住”类下的“电费”（编码 333211）或“水费”（编码 333111）。这种“收支同步记录”的方法，既准确核算了家庭获得的赡养支持，也完整还原了家庭实际的生活成本，避免了因他人代付而导致住户消费数据偏低的误差。"
142,住户,住户调查中，辅助调查员收取账本时发现记账户存在混记现象请问该怎么处理？,"在住户调查的质量管控中，辅助调查员面对“混记”现象时，应采取“即时纠偏、分类指导、长效跟踪”的处理策略，以确保源头数据的规范性。
首先，在审核账本时，调查员需敏锐识别多笔项目合记一行、摘要模糊（如仅写“超市购物”）或现金与实物账目交叉等典型混记行为，并核实数量与金额的对应逻辑。发现问题后，应通过面对面的实地回访，向记账户拆解混记错误对数据真实性的损害，指导其按照“一事一记”的原则，将复合消费拆分为具体的商品条目。针对实操难题，应明确界定：现金往来归入《现金收支账》，而自产自用或实物馈赠则归入《实物账》；对于无法拆分的综合支出，应按主导性质归类。最后，调查员应利用电子记账系统的实时监测功能，对高频出错户实施针对性辅导，并在修改账本后履行签字确认手续，通过“回头看”机制彻底根绝混记习惯，维护统计数据的严肃性。"
143,住户,住户调查中，高中生暑期夏令营的支出算教育支出还是其他支出？,在住户调查的消费分类中，高中生参加的暑期夏令营支出通常被界定为教育支出，并具体归类为“培训费”项目。指高中阶段的在校学生自愿参加各种类型的培训班所交纳的费用，以及聘请家教的费用。包括参加国内外冬令营、夏令营等活动的费用。对于高中教育阶段的学生，此类费用对应编码为361431。
144,住户,住户调查中，个人所得税怎么记？,个人所得税记在工资项中的“按月发放的工资（含奖金、津贴）”（参考编码：210111），指就业的住户成员通过劳动从单位或雇主按月获取的各种现金报酬，包含单位或雇主按月从工资中代扣的各种扣款（含个人所得税）。
145,住户,住户调查中，给家庭里非常住人口交付医疗保险费应该怎么记账？,"为本户非常住成员缴纳医疗保险费的行为，其性质判定取决于受助人与本户的居住关系及保险类型。首先，根据收付实现制原则，应在实际支付资金的当月记录支出。若缴纳的是基本医疗保险（如城职保、城乡居民医保），对应的个人缴纳部分编码为532211；若属于商业性医疗保险，则应归入商业医疗保险支出。
在核算逻辑上，由于受助人属于“非常住人口”，该笔资金已流出本住户常住生活圈，因此应定义为“转移性支出”。具体操作时，若缴纳对象为非共同居住的父母、子女等具有赡养/抚养关系的成员，应计入“赡养支出”（编码：534111）或“其他经常转移支出”（编码：539911）；若不属于法定赡养关系，则统一归为“其他经常转移支出”。在记账过程中，无论通过现金、转账还是银行卡支付，均需按实际支付金额登记，并确保与本户常住成员的日常社保支出严格区分，以真实反映家庭间的经济互助与资金流向。"
146,住户,住户调查中，季度问卷户时了解到住户成员3，已离开本市将长期居住在北京，那么A问卷中的住户成员3要如何处理,"在住户调查动态管理中，针对成员3离开本户前往北京长期居住的情况，应严格执行“人员减少、代码保留、停止采集”的操作规范。
具体而言，调查员需在A1表中将成员3的本期住户成员变动情况标记为“减少”，并详细记录其迁居北京的变动原因，以确保人员流向有据可查。在后续调查中，该成员的原始代码（如“3”）将永久锁定并保持空缺，既不得删除也不得分配给新加入的成员，从而维护样本纵向数据的唯一性与连续性。自变动时点起，该成员的收入、支出及劳动力从业信息将不再纳入本户统计，直至其因返回居住并重新符合常住成员判定条件时，方可激活原代码恢复调查。这种规范化处理确保了住户规模变动的实时更新，能够准确反映家庭结构变化对收支数据的实际影响。"
147,住户,住户调查中，购买房子，付了首付怎么记账？,"在住户调查记账中，购买住房并支付首付是一项涉及大额资产变动的关键操作，必须严格遵循“收付实现制”原则进行分类记录。
首先，首付款及随之产生的契税、印花税等税费，应按实际支付金额统一记入“购买住房支出”（参考编码：551211）。指住户购买住房所支付的房价和相关税费，但不包括房屋维修基金（计入居住支出的“物业管理费”）和按揭贷款的利息支出（计入“财产性支出”）。购房时办理住房抵押贷款（按揭）的，应统计全款金额。还包括购买建房用宅基地和固定车位、车库的费用。
若采取贷款购房方式，记账时需将全额房价与首付之间的差额记入“住房贷款”（参考编码：260511），以平衡资产负债账目。对于首付之外的其他杂费，需细化处理：如房屋维修基金应归类至“居住”类下的“物业管理费”中。进入还款期后，必须将“归还住房贷款”（参考编码：560611）本金与“住房贷款利息支出”（参考编码：521111）利息进行拆分记录，。通过这种精细化的分类与收支对冲，能够确保住户调查数据真实反映家庭的资产增减及负债偿还压力。"
148,住户,住户调查中，如果记账者是租房住的，购买出租房用的空调如何记账?,在住户调查中，租房住户自行购买空调的行为属于典型的耐用消费品购置，应当归类为“生活用品及服务”大类下的“家用电器——空调器”（编码：342103）。若是房东出资购买，此项投入属于资本性支出，应计入“购置资产支出”中的“租赁和商务服务业”（编码：551451），而非一般的日常零星消费。记账时需严格界定出资人身份：若由租客出资，则记入租客的消费支出；若由房东出资，则租客无需登记。
149,住户,住户调查中，雇佣保姆的家庭支付给保姆的工资应计入什么消费支出？,在家庭收支统计中，雇佣保姆所支付的工资属于典型的家庭服务支出，应当准确计入生活用品及服务这一大类下的“家政服务”项（参考编码：346111）。指家庭日常生活中各类家庭服务的费用，如雇请的长期或计日、计时的保姆费、钟点工工资、搬运费、送气费、送煤费、管道疏通费等。包括请私人照看孩子的费用，但不包括交纳给幼儿园或托儿所的费用（计入学前教育）。不包括小区治安费和清洁费（计入住房维修及管理）。
150,住户,住户调查中，还房贷支出如何记账？,在住户调查记账实操中，归还房贷采取“本息拆分”原则至关重要，因为本金和利息在统计学上属于完全不同的支出性质。具体而言，每月归还的贷款本金记入“归还住房贷款”项（编码 560611）被视为家庭资产形态的转化（即现金资产减少，同时住房负债也等额减少），这属于借贷性支出，不计入生活消费支出。而贷款利息记入“住房贷款利息支出”（编码 521111）则是为了获得资金使用权而付出的成本，被归类为财产性支出。
151,住户,住户调查中，合伙办厂分的钱（分红）如何记账？,"在住户收支调查中，合伙办厂所得款项的记账逻辑取决于“劳动力投入”与“资本收益”的本质区别。准确界定该收入是属于“劳动所得”还是“资本回报”，是确保数据分类准确的关键。
具体记账时，首先要判断住户是否直接参与该工厂的日常经营管理。若住户投入了劳动并参与决策，所得款项在扣除相应的经营成本后，应归类为“经营收入”，如“非农业生产经营收入”。反映其作为经营者的劳动成果；若住户仅提供资金入股而不参与实际经营，所得的分红则性质上属于“财产性收入”。在这一分类下，若是从集体财产入股或其他投资分配得到的股息和红利收入，应记录在“集体分配的红利”（编码 230211）；若是作为股东将其资金交由公司支配或处置而有权获得的收益，则记入“其他红利收入”（编码 230291）。
此外，记账时必须严格区分本金回收与收益增值：仅将钱生钱的增值部分记入收入项，而返还的原始出资额应作为“提取储蓄”或“借贷性所得”处理，严禁混记，以防止家庭年收入数据被虚增。"
152,住户,户籍不在本地区的外来人员会被抽选为住户调查中的记账户吗？,"住户调查对象为中华人民共和国境内的住户，既包括城镇住户，也包括农村住户；既包括以家庭形式居住的户，也包括以集体形式居住的户。无论户口性质和户口登记地，中国公民均以住户为单位，在常住地参加本调查。中国全国住户收支与生活状况调查严格遵循“常住人口”原则，户籍并非决定性条件。
在我国，常住人口是指实际经常居住在某地区半年以上的人口。主要包括三种类型的人口：一是居住在本乡镇街道且户口在本乡镇街道或户口待定的人。二是居住在本乡镇街道且离开户口登记地所在的乡镇街道半年以上的人。三是户口在本乡镇街道且外出不满半年或在境外工作学习的人。
国家统计局使用统一的抽样框，以省为总体，在对县级调查网点代表性进行评估的基础上，采用分层、多阶段随机抽样方法抽选调查住宅，确定调查户。县级调查网点和抽中调查小区原则上五年内保持不变，在5年周期内分两年对调查所覆盖的样本区县开展一次小区内样本户轮换。现场抽样工作由各调查总队统一组织。调查小区的变动需经国家统计局批准；调查户的变动需经调查总队批准，并报国家统计局备案。
在理论上，户籍不在本地区的外来人员，若离开户口登记地所在的乡镇街道半年以上的人被视为常住人口则具有同等概率被抽选为记账户。"
153,住户,住户调查中，婚改口费红包算什么收入？,"在住户调查与统计实务中，婚改口费红包被界定为一种典型的一次性、偶发性馈赠，非收入所得。根据现行居民收支统计标准，该类款项并不具备持续性，无法为住户提供长期的消费能力支撑，可支配收入包含四项，分别为：工资性收入、经营净收入、财产净收入和转移净收入。
具体而言，婚改口费红包属于非收入所得大项下的“非经常性转移所得”中的“婚丧嫁娶礼金所得”项（参考编码：250221），与工资性收入、经营净收入等核心可支配收入项有着本质区别。这类红包通常伴随着婚丧嫁娶等特定社会礼仪产生，体现的是家庭成员间或亲友间的一次性资产转移，因此在记账时仅作为资产变动参考，而非衡量居民生活水平的常规收入指标。"
154,住户,住户调查中，婚宴请客后的红包算什么收入？,"这类收入在性质上属于非收入所得。它与工资或经营收入最大的区别在于其偶然性与非持续性。在记账实务中，必须遵循“全额计入”原则，记入“非经常性转移所得”项下的“婚丧嫁娶礼金所得”（参考编码：250221）。即无论红包是否直接用于支付酒店餐费，都应在收入端如实记录收到的总额，同时在支出端记录对应的“婚丧嫁娶宴请支出”。
需要注意的是，由于这类礼金带有明显的社会补偿性质（即未来可能需要通过“随礼”返还），它在计算家庭的长期可支配收入时，通常会被视作一次性资产增加，而非稳态收入。这种分类方式旨在真实还原家庭在特定重大节点上的现金流变动，同时避免因偶然性的大额进账导致家庭常规收入水平的统计数据失真。"
155,住户,住户调查中，记现金收支账时如遇到赊购赊销和工资拖欠的该如何记账?,"在住户调查的现金收支记录中，处理赊账与欠薪的核心原则是“收付实现制”，即“见钱记账，无钱不记”。具体而言，对于赊购赊销，在商品交易发生但资金未流转时，不应在《现金收支账》中登记，必须等到实际支付或收到货款的当天，再按实际金额补记。同理，遭遇工资拖欠时，即便劳动已经付出，本调查期内应得但因拖欠等原因未得到的工资暂不计入，在实际得到工资时再记入日记账（计入“补发工资”）。
但在实操中需警惕“到账即视为发生”的特殊性：若工资已打入银行卡或微信/支付宝账户，无论是否提现，均视为已取得现金收入，应立即记账。此外，对于非农经营户，虽然允许按月轧差记录净收入，但其间的赊销部分仍需严格遵守到账再记的原则。这种方式能够有效剔除债权债务的虚假繁荣，确保日记账真实反映家庭的现金流现状，防止因统计口径不一导致家庭经济负担或收入能力的误判。"
156,住户,住户调查中，记账户收到统计部门的记账补贴，要怎么记账？,记账户收到统计部门的记账补贴需记入非收入所得项中非经常性转移所得中的“调查补贴”（参考编码：250261），指住户因承担记账工作从统计部门、工作单位或其他途径所得到的现金。包括实物形式的调查补贴。
157,住户,住户调查中，记账户给非住户成员的儿子还房款新房产权属于儿子每月还款如何记？,"在住户调查中，若记账住户成员为不在本户生活的子女（非住户成员）代偿房贷，由于房屋产权属于子女，该支出行为本质上属于家庭间的经济支持，应当计入“转移性支出”下的“其他经常转移支出”（参考编码：539911）。这一分类逻辑的核心在于，资金已经流出本住户群体，且未形成本住户名下的资产。在记录时，应按每月实际支付给银行或子女的还款总额（含本金与利息）进行登记。
在具体核算中，身份的界定至关重要：从父母（记账户）的角度看，这笔钱是向外的转移性支出；若未来调查对象切换为子女（儿子记账），则该款项应被视作子女的“赡养收入”。此外，若此类代偿行为伴随有实物支持（如代交物业费或赠送生活物资），则需折算实物价值并同步记录。通过这种方式，能够准确勾勒出家庭间劳务与资金的代际流动情况，确保住户调查数据能真实反映家庭的纯支出结构。"
158,住户,住户调查中，记住账户为批发零售业雇主，收到经销商销售比赛活动奖励的现金5000元该怎么记账？,由于记账户为雇主，所以该项收入应该记为非农业生产经营收入中的“批发和零售业”项（参考编码：220511）指住户或住户成员从事批发和零售业生产经营活动所获得全部收入，含成本及缴纳的各种税、费。批发和零售业指商品在流通环节中的批发活动和零售活动，包括批发业和零售业。
159,住户,住户调查中，记账金额为什么会显示超限？,"在住户调查电子记账过程中，若系统提示“金额超限”，通常是由数据格式规范、逻辑合理性校验或系统风控阈值触发的。在数据规范层面，最常见的原因是金额格式错误（如录入了三位及以上的小数）或数值单位与单价、数量的乘积逻辑失准。记账人员应首先核对数字输入是否符合“两位小数”的财务标准，并检查是否存在因误触导致的位数冗余（如多输入一个零）。
在逻辑与风控层面，系统往往内置了合理性审核机制。如果单笔支出金额异常巨大（如购买大额资产未按规定分类）或明显超出家庭常态化的收入水平，系统可能判定该笔数据存在合理性疑点。此外，人为操作失误（如重复录入或单价与单位不匹配）以及特殊大额经济活动（如购置房产、大型机械等）也可能突破预设的常规波动范围。针对此类问题，建议记账人员在确认数据属实的情况下，核实记账项目编码是否匹配资产购置规范，或在备注栏中补充详细说明以通过系统逻辑审核。"
160,住户,住户调查中，季度中新增住户成员需不需要记账？,"在住户调查的季度运行中，由于新增成员的常住属性在季度中尚未通过 A 卷进行正式审核与判定，调查员无法即时确认其是否符合常住成员标准。
为了确保样本户收支数据的完整性，规避漏记风险，规定要求季度内新增的所有成员，其发生的每一笔收支项目均须纳入日记账记录。这一操作模式不仅涵盖了潜在的常住成员，也包括因探亲、就医等原因临时居住的非常住人员。直到季度末，调查员通过更新 A 卷信息（如居住时长、生活保障关系等），由程序系统自动执行常住成员身份判定。在判定结果明确之前，保持数据的全面采集是确保后续统计分析准确性、防止数据性缺失的关键程序保障。"
161,住户,住户调查中，家庭成员中研究生学费支出怎么记？,"在住户调查记账实务中，针对研究生阶段的教育支出，需根据费用的具体用途进行精细化拆解。具体操作时，核心支出即学费、注册费及强制性杂费，应记入“大专及以上教育”下的“学杂费”（编码 361621）；若涉及考研辅导、技能等级考试或自愿参加的学术培训费用，则应归入“培训费”（编码 361631）。对于目前高校中常见的“一揽子”缴费模式——即学费中已包含住宿费且无法单独拆分的情况，应统一记入“一揽子教育服务（含食宿）”（编码361651）。
若学费由单位、项目组以实物福利或代缴形式承担，则需按市场价折算后同步记录收入与支出。此外，研究生教育支出属于典型的消费性支出，应严格区别于家庭的生产经营成本。通过这种多维度的分类记录，能够确保教育投入数据的准确性，真实反映高学历人才培养对家庭经济结构的影响。"
162,住户,住户调查中，家庭住户开了一个餐馆，一家人吃喝都在餐馆里，这种情况下家里人生活支出怎么记账？,"针对经营家庭餐馆且一家人都在餐馆就餐的情况，必须明确区分经营性行为与家庭生活消费。在具体记账操作中，这种行为被视作餐馆按成本价将产品出售给本户。在经营端，应将提供给家庭成员的饮食价值计入餐馆的经营收入，确保餐馆的产出核算完整；在消费端，家庭成员的这部分伙食开支则应计入其他在外饮食等项目，并根据实际消耗的谷物、肉类或蔬菜等种类进行细化分类。
需要特别注意的是，必须严格避免经营账与生活账的混淆，确保每一笔收支都对应准确的科目。虽然在餐馆完全免费供餐（不涉及任何费用流转）时可视为实物转移而不必单独记账，但为了保证统计数据的规范性与准确性，建议只要涉及家庭消费，就应参照上述方法如实记录。记账人需定期审核，防止漏记或错记，从而清晰地反映家庭的真实盈利水平与实际生活成本。"
163,住户,住户调查中，党员缴纳党费怎么记账？,"在住户调查的记账逻辑中，党员缴纳党费必须遵循“收支两条线”的原则，即通过补齐代扣项来完整还原真实的收入与支出结构。具体操作时，党费被界定为转移性支出中的“其他经常转移支出”（编码 539911）。如果党费是从工资中直接代扣的，记账时不能只记到手的“净工资”，而应记录应发工资（含代扣项）作为收入。随后，在支出端独立记录一笔党费支出。
这种记账方式的核心在于遵循收付实现制：一方面，它确保了工资收入统计的是完整的劳务报酬，而非因身份义务扣除后的余值；另一方面，通过 539911 这一特定编码，能够将党费与普通的工会费、互助金等支出准确区分，真实反映住户承担的经常性社会义务。"
164,住户,住户调查中，缴纳交通罚款该怎么记账？,交通罚款支出需要记在转移性支出中的“其他经常转移支出”（参考编码：539911），该项包括：赔偿支出、给亲友的搭伙费；各种罚款，如交通罚款；政府部门向居民提供服务收取的服务费，如迁户口的办理费、办理身份证费、办理护照和签证费、人才存档费或档案保管费、交纳工会费、党费、团费以及学会团体组织费等。
165,住户,住户调查中，借出去的钱连本带息的还回来了是记成一笔账还是要把本金和利息分开？,"在住户调查的财务核算中，收回借款采取“本息分离”的记账方式，其核心目的在于准确区分“资产形态转换”与“净收入增加”。
从统计学角度看，本金的归还（如收回 10,000 元）仅是家庭资产从“债权”转变为“现金”，并不产生实质性的财富增值，因此应记入“收回借出款”（编码 260311），属于借贷性所得。而利息部分（如收到 500 元）则是资金作为生产要素带来的报酬，属于“财产净收入”中的“利息收入”（编码 230111）。若将二者混记为一笔收入，会导致住户的可支配收入数据出现偏差（漏记利息收入或虚增收入总额）。因此，记账时必须分设两条摘要：一条记录本金回笼，确保账面资产平衡；另一条记录利息所得，真实反映家庭的盈利能力。"
166,住户,住户调查中，利息等补贴收入直接打卡没有现金收入可以不记账吗？,"在住户调查统计中，所有通过银行转账、直接打卡发放的利息及各类补贴收入，均须严格遵循“收付实现制”原则进行核算。这意味着记账的时点应以资金实际到达银行账户为准，只要款项到账，无论是否提取现金或实际消费，均应在当月及时记录。在记录时，应详细备注日期、摘要（如“车改补贴”、“存款利息”等）及金额，确保账目不重不漏，真实反映家庭资金流入的即时状况。
对于入账收入的性质，必须进行精确分类：与劳动报酬相关的住房、交通等补贴应归入“工资性收入”；储蓄或债券产生的收益应计入“财产性收入——利息收入”；而由政府或社会组织发放的政策性补贴，则应归入“转移性收入”。此外，若到账金额中已由单位代扣代缴了个税或社保，应将补贴全额记为收入，同时将扣缴部分作为对应的支出项目独立登记。对于特定用途的包干经费，也需按其实际用途分类，以确保家庭收入结构与支出去向的逻辑一致性。"
167,住户,住户调查中，邻居家经常给记账户送菜需要记账吗？,"在住户调查中，邻里间赠送蔬菜是否需要记账，主要取决于该行为的频率、价值及是否存在隐性交换。若属于偶尔、小额且无回报预期的纯粹善意分享（如自家菜园多出的少量成品），通常视为非经常性的情感馈赠，无需进行账务处理。然而，若此类赠送具有长期性、替代性或带有明确的互惠性质（如以此抵偿人情、劳务等），则必须将其界定为“转移性收入”中的“实物收入”。
在实际操作时，对于确定需要记账的实物馈赠，记账者应遵循“收支平衡”记录法：首先，按当地同类蔬菜的市场价格估算其价值，记入收入端的“实物收入”；同时，在支出端记录一笔等额的“蔬菜”消费支出。这种双向记录方式能够真实反映家庭在降低货币支出背后的实际生活水平提升。记账时应在备注栏注明“邻居赠送”，以便调查员在后期审核中能够准确识别此类非货币化消费，确保家庭收入与支出数据的完整性与逻辑一致性。
一般来说住户调查中，收到的实物，除了单位或政府提供的需要记账外，有赡养关系的，记“赡养收入”以及相应的支出项。邻居给送的菜无需记账"
168,住户,住户调查中，如果记账户买彩票中奖，那么中奖的收入应该怎么记账？,记账户买彩票中奖应记入非经常性转移所得中的“博彩所得”（参考编码：250211）指住户或住户成员参与博彩活动的偶然所得。如个人购买福利彩票、体育彩票的中奖所得。
169,住户,住户调查中，买了一包蔬菜不知道品种不知道重量只知道价怎么记账?,"在住户调查过程中，若遇到无法准确获知蔬菜品种或重量的情况，应采取“分类归纳、价值优先、合理估算”的原则进行记录。首先，应根据加工形态将支出归入对应的统计编码：新鲜蔬菜记入“鲜菜”（编码311052），新鲜菌类记入“鲜菌”（编码311053），而经过干制、腌制的蔬菜或菌类则分别对应“干菜及菜制品”（编码311052）及“干菌及制品”（编码311054）。
在具体数值填报上，若重量缺失，建议参考当期市场零售单价通过总价进行反向推算，或依据包装规格与体积进行逻辑估算。若确实无法拆分具体品类，可先行记录总金额并备注为“混合蔬菜”或“未知品种蔬菜”，以确保支出账目的完整性。此外，调查户应在后续尽可能通过购物凭证或市场询价补充品种与重量信息，以便更准确地反映家庭食品消费的结构与实物量。"
170,住户,住户调查中，买汽车支付的定金怎么记账?,"买汽车支付的定金怎么记账，取决于买车的目的，若买车是以消费为主的家用车则该记入交通工具项中的“汽车”（参考编号：351111）指购买以消费为主的各种家用汽车。包括小轿车、越野车、跑车、面包车、电动汽车、混合动力汽车等。若买车是以经营活动为主则该记入购置资产支出项（参考编码：551）。具体记入项目由经营活动种类而定，如买车是为了跑滴滴，则记入购置资产支出项中的“交通运输、仓储和邮政业”（参考编码：551421）指住户从事交通运输、仓储和邮政业生产经营活动所建造和购置固定资产的费用支出。
此外记账按照”收付实现制”但是有例外情况，购买商品时，如果是预购，即购买分期付款的商品或预付部分货款，在支付第一笔款项时就记全款。"
171,住户,住户调查中，住户过世后，政府补给的钱应该记成什么项目？,应记入“其他来自政府的救济和补助”（参考编码：240291）指住户所得的除上述以外的其他社会救济收入。如地方政府对低收入和生活困难家庭发放的一次性生活补贴、物价补贴、节日慰问金；失业人员在领取失业保险金期间按照规定向经办机构申请领取的医疗补助金；因员工或员工家属大病、意外伤害、意外死亡等原因一次性支付给员工或其遗属的困难补助金或丧葬补助金；以扶贫、救济等专门的社会公益项目为主业的社会团体和非营利性组织，如红十字会、希望工程、各类扶贫基金会等，给予住户或住户成员的慈善款和救济款等。
172,住户,住户调查中，女儿读大学这个月交了4000学费并给了2000生活费怎么记账?,"在住户调查中，针对大专及以上教育阶段子女的支出，需根据费用的功能属性进行拆分登记。学费部分属于刚性教育投入，应明确计入“教育”大类下“大专及以上教育”的“学杂费”项目（编码：361621），该科目专门核算大专及以上教育阶段的学费和杂费。
对于生活费部分，无法精确拆分餐饮、住宿等具体数额，则应将其统一归类为“教育”大类下“大专及以上教育”的“一揽子教育服务（含食宿）”（编码：361651）。"
173,住户,农村迁坟补贴收入在住户调查中，要怎么编码？,"在住户调查统计中，农村迁坟补贴收入应被明确划分为“转移性收入”，并对应填报至“其他转移性收入”科目（编码：240891）。此类资金本质上是政府或集体组织因公共利益需要（如土地开发、基建施工等），针对农户祖坟迁移行为支付的政策性经济补偿。
由于迁坟补贴不属于劳动报酬、财产增值或经营性收益，而是一种单方面的政府经济补偿，因此其具备典型的转移支付性质。在记账时，由于该项收入通常具有一次性和非经常性的特点，且不符合养老金、社会救助金或辞退金等特定科目的定义，故应将其归入“其他转移性收入”进行统一核算。准确记录此类补贴，有助于反映国家政策对农户家庭经济状况的阶段性影响，确保住户收入结构的统计完整性。"
174,住户,住户调查中，如果遇到网络诈骗被骗的钱该怎么记账？,网络诈骗被骗的钱该记入“其他非经常性转移支出”（参考编码：552911）指除上述（博彩支出、婚丧嫁娶礼金支出、一次性赔偿支出、一次性馈赠支出、婚丧嫁娶宴请支出）以外的其他非经常性转移支出，如丢失现金或相当于现金的购物卡、储值卡等。
175,住户,住户调查中，赡养收入包括哪些？,赡养收入被严格定义为具有法定赡养或抚养义务的亲属（如子女、父母等）为保障住户成员日常生活而提供的经常性、稳定性支持。其形式涵盖了现金拨付以及米面粮油、蔬菜等生活物资的实物折价。在记账逻辑上，判定“赡养收入”的核心在于其提供的长期性：定期的生活费补贴应足额记录，而实物形式的支持则需按当地市场价折算后，也视同为现金赡养计入。
176,住户,住户调查中，失业后领取的失业金算可支配收入吗？,"失业后领取的失业金归类为“失业保险金”（参考编码：240811）指失业保险经办机构依法支付给符合条件的失业人员的基本生活费用，是对失业人员在失业期间失去工资收入的一种临时补偿，并以实际收到的金额据实填报。“失业保险金”属于“转移性收入”
可支配收入包含四项，分别为：工资性收入、经营净收入、财产净收入和转移净收入。计算公式为：可支配收入 = 工资性收入 + 经营净收入 + 财产净收入 + 转移净收入。其中转移净收入 = 转移性收入 - 转移性支出。失业后领取的失业金算可支配收入。"
177,住户,住户调查中，收回借款本金如何记账？,"在住户调查记账中，收回外借款项应遵循“本息分离、科目对应”的原则。对于本金部分，应将其归类为“借贷性所得”，具体计入“收回借出款”项目（编码：260311）。该科目专门用于核算住户成员收回的、非当月借出的且用于非生产经营用途的现金。需要特别注意的是，若借款在发生当月即归还，通常作为当月现金流动的抵减处理，而不计入该固定科目。
对于收回借款时伴随产生的利息部分，则严禁与本金混记，必须独立核算为“财产性收入”下的“利息收入”（编码：230111）。在实际操作中，记账人员需在《现金收支账》中分别录入这两笔资金：本金体现为资产形式的转换，而利息则体现为资产增值带来的收入。通过这种严谨的分项记录，能够确保住户调查数据准确区分本金回笼与实际盈利，真实反映家庭资产的变动情况。"
178,住户,住户调查中，提取了公积金并且到账，要如何记账？,提取了公积金并且到账需记入非经常性转移所得项中的“提取住房公积金”（参考编码：250251）指参加住房公积金制度的职工，通过一定的手续提取的住房公积金。包括个人交纳的公积金和单位交纳的公积金，也包括单位给未达到住房面积标准的职工和离退休人员发放到公积金账户中的住房补贴。不包括发放到职工工资卡上或作为工资的一部分以现金形式发放的住房补贴。
179,住户,住户调查中，通过玩游戏、看小说、短视频app等提现的现金红包如何记账?,在住户调查记账中，通过玩游戏、看小说或短视频 App 提现的现金红包应记为非收入所得项中的“其他非收入所得”（参考编码：250311）指住户获得的除非收入所得项中的出售资产所得与非经常性转移所得以外的其他非收入所得。
180,住户,住户调查中，外出旅游帮朋友买了门票后朋友还给了我记账怎么记?,"外出旅游时为他人垫付门票费并随后收回资金的行为，不能简单地相互抵消，而应采取“双向记录”的方法以完整反映现金流。首先，在垫付资金时，应记录一笔“消费性支出”，具体计入“文化娱乐服务——景点门票”（编码：362321）。即使这部分支出最终由他人负担，但在记账时点，它真实产生了家庭资金的流出，通过在备注栏标注“代友垫付”可方便后续核对。
当朋友随后归还该笔款项时，这部分资金不属于家庭的劳动收入或资产收益，因此应将其记录为一笔“借贷性所得”，建议计入“其他借贷所得”或在特定系统中选择“其他非收入所得”。这种处理方式能够确保家庭的消费支出数据（门票费）与资金回笼数据（收回垫款）在账面上逻辑闭环，既准确统计了家庭的社会化交往频率，又防止了因“只有支出、无款项回笼”导致的家庭结余虚减。"
181,住户,住户调查中，我们医疗保险由村里统一交的怎么记账？,"村集体自筹资金代缴：若村集体使用自有资金为村民缴纳医疗保险，应记入 “集体分配的红利”（参考编码：230211）。若由地方政府财政资金代缴（如针对困难群体的政策性补贴），应记入 “社保支出专项补贴”（编码240841）。若村集体代缴的医疗保险已通过“集体分配的红利”或“社保支出专项补贴”记录，无需再重复记入个人收入项，但需确保社保支出项完整。
村集体代缴的医疗保险通常属于城乡居民基本医疗保险范畴，产生医疗费用时，总的医疗费用先记一笔支出，再将报销部分记一笔“报销医疗费”（参考编码：240511）收入。"
182,住户,住户调查中，我在自己家开的小卖店买东西，住户调查中收入和消费怎么记账?,"收入端，自家开的小卖部买东西的收入应记入非农业生产经营收入项中的“批发和零售业”（参考编码：220511）指住户或住户成员从事批发和零售业生产经营活动所获得全部收入，含成本及缴纳的各种税、费。批发和零售业指商品在流通环节中的批发活动和零售活动，包括批发业和零售业。
消费端，家庭成员从小卖店拿取的自用商品（如自家食用的油盐、纸巾）应视同实物消费，按物品类别分别计入家庭消费支出，以准确还原生活成本。在记录过程中，必须严格区分经营性成本与家庭生活支出，确保记账周期与自然月一致，账面金额精确至两位小数，从而真实、完整地反映家庭的生产经营能力与实际生活水平。"
183,住户,住户调查中，销售销售提成算按月发放的，记账中算工资还是其他收入?,按月发放的提成在性质上属于劳动报酬中的奖金范畴，因此根据住户调查中关于工资的定义，指就业的住户成员通过劳动从单位或雇主按月获取的各种现金报酬，包含单位或雇主按月从工资中代扣的各种扣款（含个人所得税）。如：按月发放的计时计件劳动报酬、按月发放的奖金或工作津贴、住房补贴、交通补贴、车改补贴、通讯补贴、冬季取暖费、防暑降温费、加班费等；工作单位按月代扣的应由个人承担的养老保险、医疗保险、失业保险和住房公积金、个人所得税；单位在工资中按月代扣的房租、水费、电费、托儿费、医疗费、借款等。上述由单位代扣的各项费用应当同时计入相应的消费支出或转移性支出中。工资按照收付实现制计算，按月打到个人银行账户、银行卡的工资应及时记账，本调查期内应得但因拖欠等原因未得到的工资暂不计入，在实际得到工资时再记入日记账（计入“补发工资”）。农村非农务工人员（如泥瓦工、挑夫、保姆等）按月得到的各种现金报酬也计入在内。故此按月发放的提成应该与基础工资合并计算入工资项，“按月发放的工资(含奖金、津贴)”（参考编码：210111）。
184,住户,住户调查中，小孩读大学了暑假里出去打零工这个收入该怎么记？,大学生在暑假期间从事兼职或打零工所获得的报酬，在住户调查中应被界定为工资性收入中其他项目中的“自由职业劳动所得（如稿费、翻译费）”（参考编码：210221）。指就业的住户成员个人从事自由职业、第二职业、兼职或零星劳动所获得的报酬，含个人所得税。如稿费、翻译费、设计费、讲课费、咨询费、信息费、调查费、商品推销费等。
185,住户,住户调查中，学校的伙食费如何记账？,"在住户收支调查中，学生伙食费的记账方式取决于支付形式与消费场景。为了确保教育支出与伙食支出的边界清晰，应根据以下逻辑进行段落式记录：
针对特定的一揽子支付情况，即家长按学期统一缴纳且无法拆分伙食、住宿与学费的账单，应整体记入相应教育阶段的“一揽子教育服务（含食宿）”（如小学 361251，初中 361351 等）。若是在校外餐馆、小卖部或通过外卖平台解决餐饮，则归类为“其他在外饮食”（编码 313211），包括校外托管的“小饭桌”费用也按此处理。在记账实务中，应遵循“能拆尽拆”的原则，优先尝试将伙食费分离出来独立记入饮食类别；只有在确实无法剥离时，才作为教育综合服务处理，以真实反映住户在不同科目下的消费结构。"
186,住户,住户调查中，学校退回学杂费应该怎么记账？,开学时交纳的全额学费应记相关教育支出，如果后来退回部分教育费用，则记负支出。例如，小明高中开学时缴纳学杂费100元，后来学校退回部分费用50元。记账高中教育下的“学杂费”项（参考编码：361421）100元，退回费用记负支出“学杂费”-50元 。不同教育阶段的学杂费记账项目不同，注意选择正确的教育阶段
187,住户,住户调查中，以获取收入为目的的专业炒股人员，他的本季度主要的就业状况属于什么?,"本季度主要的就业状况，指住户成员在本季度从事时间最长的就业状况。本季度如果从事了两种或两种以上工作，且每种的从业时间大体相同，则按收入最多的就业状况填写。就业状况分成以下七种：雇主、事业单位人员、国有企业雇员、其他雇员、农业自营、非农自营。
在就业状况判定上，专业炒股人员通过自主管理资金获取盈亏，具有自主经营、自负盈亏的特征，因此应界定为“非农自营”。指自己从事生产经营活动并且没有雇人(至少连续工作一个月)的人员，如专门从事写作、绘画、翻译、个人职业炒股等获得收入的人员。"
188,住户,住户调查中，有上班有工资情况下，利用余空时间开滴滴该怎么记账？,"在日常有固定工资收入的前提下，利用业余时间兼职“滴滴出行”属于典型的非农生产经营活动，在记账时必须将这部分收支与工资收入严格区分，实行“经营账与生活账分离”。
在收入端，滴滴所得应按实际到账金额记入“非农业生产经营收入”下的“交通运输、仓储和邮政业”（参考编码：220611）。需要注意的是，账面记录应为扣除平台抽成后的净额，或者将抽成部分单独列为经营费用。在支出端，必须详细分摊经营成本：包括行驶中产生的油费、路桥费，以及车辆的定期保养、维修费用。对于自有车辆，还应考虑其非流动资产折旧。此外，记账时需遵循行业归口原则，将其划归为“非农业生产经营费用”下的“交通运输、仓储和邮政业”（参考编码：510611）指住户或住户成员从事交通运输、仓储和邮政业生产经营活动所支出的费用。通过这种规范的核算方式，不仅能准确计算出兼职的经营净收入，还能防止经营性成本被误记为家庭生活消费，从而真实反映住户的综合收入结构。"
189,住户,住户调查中，住户不再从事批发零售场，下家所给的盘铺费如何记账？,"盘铺费通常包含对上家装修、铺货成本等前期投入的补偿，属于对原经营者历史成本的回收。 此类费用应视为生产经营收入的一部分，而非单纯的租金收入。将该户得到的盘铺费记人相应行业的＂生产经营收人＂。如果下家记账，应将付出的盘铺费记人相应行业的＂生产经营费用”。
由于住户从事批发零售场，故此记入非农业生产经营收入下的“批发和零售业项”（参考编码：220511）。"
190,住户,住户调查记账时家庭电与出租房电如何合理区分？,在住户调查中，必须严格区分家庭日常生活用电与出租房屋产生的电力消耗，以确保消费数据与经营数据的独立性。家庭生活用电属于消费性支出，应记入“居住”大类下“水电燃料及其他”下的“电”（编码：333211）；而由住户负担的出租房用电则属于资本经营范畴，应记入“非农业生产经营费用”中的“住宿和餐饮业”（编码：510711）。这种划分的核心在于准确界定电力的服务对象：是保障本户成员生活，还是为了获取租赁收益。
191,住户,住户调查中，住户家里种了100斤菜卖了50斤50斤自己吃怎么记账？,"在住户调查的农户记账中，针对“产销参半”的农产品，必须通过“收入、消费、成本”三个维度来完整还原家庭经营的经济循环。
首先，在产量端，应在《自产自用实物账》中如实登记100斤的总收获量，作为生产能力的基准。针对出售的50斤，需在《现金收支账》中记录为“出售农产品及提供农业服务”，对应编码为“出售蔬菜及食用菌”（参考编码：12109），反映家庭的现金流入。针对留作自用的50斤，这部分虽未产生现金流，但属于“虚拟收入”后的消费，必须记入《生活消费实物支出》中的“自产自用蔬菜及食用菌消费”（编码 16109），根据蔬菜类别记入相应项如“自产自用露地蔬菜”或“自产自用大棚蔬菜”，以确保家庭生活水平的统计不因自给自足而缩水。通过这种“产销分记、实物折价”的方法，能精确计算出该住户的农业经营净收入与实际营养消费水平。"
192,住户,住户调查中的工资收入包含五险一金吗？,"在住户调查统计中，工资性收入的核算严格遵循“实际获得”与“收付实现制”原则。具体而言，工资收入仅包含单位直接支付给个人的劳动报酬（如计时工资、奖金、津贴及补贴等），而不包含五险一金的单位缴纳部分与个人缴纳部分。这种分类处理方式旨在清晰界定家庭的实际可支配财力与非消费性社会保障支出之间的界限。
五险一金需被记入转移性支出中的社会保障支出（参考编码：532）大项下的各小项，包含“个人缴纳的养老保险”、“个人缴纳的医疗保险”、“个人缴纳的失业保险”、“个人缴纳的住房公积金”、“个人缴纳的职业（企业）年金”以及“其他社会保障支出”。"
193,住户,住户调查中，自营性质的网络主播直播带货收入应计入什么收入？,自营性质的网络主播直播带货收入应记入“非农业生产经营收入”下的“其他”项（参考编码：221111）指住户或住户成员从事信息传输、软件和信息技术服务业、金融业、科学研究和技术服务业、教育、卫生和社会工作、文化、体育和娱乐业等行业的生产经营活动所获得的全部收入，含成本及缴纳的各种税费。
194,住户,住户调查中，公司在节假日发放了礼品要怎么记账？,公司在节假日发放的实物礼品，应按照实际发放礼品种类，记入从单位或雇主得到的实物和服务项中的实物产品折价（参考编码：411）下的各类如食品、衣着等。
195,CPI,CPI采价操作中，代表规格品的选取要求是什么?,考虑到我国幅员辽阔，各地消费习惯不同，为体现地域代表性，代表规格品主要由每个调查市(县)根据该地消费习惯及消费结构等情况选取，选取出的代表规格品必须确保有足够的代表性。此外，为便于地区比较，一部分全国消费具有共性的商品和服务由国家统计局城市司统一规定，各地必须按规定选取。《流通和消费价格统计报表制度》规定了各市(县)应选取的每一基本分类下代表规格品的最少数量，各地在最少选取数量基础上可根据当地实际情况适当增加。年底前，各市(县)调查队应将选中的规格品清单报各调查总队审定，同时报国家统计局城市司备案。
196,CPI,CPI采价操作中，采价点是如何抽选的?,开展CPI调查的各市(县)在对当地消费市场进行摸底调查、掌握市场基本情况(经营品种、销售额等指标)的基础上，将各种类型的商场(店)、超市、农贸市场、服务网点、互联网电商等以销售额(成交额或经营规模)为标志，从高到低排队，依据所需采价点的数量进行等距抽样，同时兼顾调查点的代表性和区域分布合理性，最终确定采价点。36个大中城市中，每个市至少选择5个农贸市场(生鲜市场)和3个综合型超市作为采价点，具备条件的地级市参照执行；其他地级市中，每个市至少选择3个农贸市场(生鲜市场)和2个综合型超市作为采价点；每个县级市和县至少选择2个农贸市场(生鲜市场)和1个综合型超市作为采价点。对于同一规格品，原则上36个大中城市中，每个市至少选择3个采价点，其他地级市中，每个市至少选择2个采价点，每个县级市和县至少选择1个采价点，水、电、燃气等政府统一定价的规格品除外。设区的城市原则上要求每个区有1个农贸市场(生鲜市场)和1个超市。对于一些规格等级复杂多变的商品，各地必须根据实际情况，适当多选几个采价点。
197,CPI,CPI采价操作中，采价的基本原则和要求是什么?,(1)“定人、定点、定时”的“三定”原则。 “定人”是指在一定时期内固定采价员去调查价格；“定点”是指固定调查价格的地方，也就是采价点；“定时”是指固定价格调查的日期和间隔。(2)直接调查。各类商品和服务的价格均是由国家统计局各调查队的采价人员去现场或从互联网直接调查，并通过手持数据采集器直接传回国家统计局服务器，杜绝了中间过程的干扰和误差。(3)采集实际成交价。每种商品和服务都需采集最后成交的消费者需支付的价格，不采集挂牌价或中间价格。(4)同质可比。为了保证价格的可比性，我们要求每次采价的规格品必须同质，不仅性质应当相同，数量、重量或容量也必须相同。例如上次采集的是三元原味200ml装酸奶的价格，下次也必须采集三元原味 200ml装酸奶的价格，不能用草莓味酸奶直接去与上次价格相比，也不能用250ml装与上次的200ml装直接比较。如遇到规格品不同质，需进行相应的折算。
198,CPI,CPI采价操作中，采价的主要方法有哪些?,(1)直接采集法。是指以查看商品的价格标签牌(标价页面)和促销方式等直接采集销售价格，这种方法适用于规模较大、经营较规范、交易中不能讨价还价的大中型商场、超市、互联网电商等，其价格标签(标价页面)包含了品牌、产地、规格、型号等基本信息，促销方式标示清楚，可直接看到或计算得到实际成交价。(2)询问观察法。对没有明码标价或虽有标价但可以讨价还价的商品，可能会出现经营者虚报价格的现象，如农贸市场、小型商店及大中型商场中出租柜台等经营的商品，需要采用询问法，既询问经营者，也询问购买者，登记实际发生的成交价格。当摊主报价不实时，可观察买卖双方讨价还价的过程或者正在过称的商品价格，将此成交价格作为采集的价格。(3)查询法。对于一些政府定价的项目，可直接通过官方网站或发布的相应公告查询行政记录数据以采集价格。
199,CPI,CPI采价操作中，采价的频率是怎样的?,一般性商品(服务)每月调查2次价格；部分服务项目每月调查3次价格；对于与居民生活密切相关、价格变动比较频繁的商品，每5天调查一次价格；由国家或地方统一定价的一些商品(服务)或价格相对稳定的商品(服务)，每月调查1次价格。
200,CPI,CPI采价操作中，什么情况下需要替换采价点?,(1)当某采价点出现永久性停业(歇业)、关闭、破产等情况，原规格品价格无法采集时，需尽快确定新采价点，在新采价点内采集价格。(2)如遇到假期、装修等情况，农贸市场(生鲜市场)等采价点内某个摊位临时关闭，应选择该采价点附近的其他采价点或农贸市场内的其他摊位作为临时采价点。等下次原采价点或摊位开业时，继续按原采价点采集。(3)如采价点内某个品种的商品不再售卖，应选择售卖该品种商品的临近采价点采集该品种价格。
201,CPI,CPI采价操作中，采价点替换由谁来进行?,采价员在采价过程中若发现采价点关闭或失去代表性时，如采价点客流量显著减少，要及时与市(县)调查队工作人员联系汇报情况，根据市场经验提出建议，后由市(县)调查队工作人员和采价员共同商定替换采价点，并经国家统计局各调查总队审核确定后实施，同时报国家统计局城市司备案。
202,CPI,CPI采价操作中，规格品替换由谁来进行?,对于各地自行采集的普通商品和服务，规格品的替换应当由采价员与市场销售人员充分沟通、了解相应情况后，与市(县)调查队工作人员联系，提出建议，由市(县)调查队工作人员和采价员共同确定替换规格品，并在月末统一报调查总队备案。如遇市(县)调查队无法确定的情况，需及时请示上级调查总队后执行。各调查总队需定期审核各市(县)规格品替换情况，如发现有不合理或操作不当，需及时反馈市(县)调查队，立即更正。对于国家组织集中采集的网络交易商品和服务，规格品替换应由承担集中采价任务的人员在了解相应情况后，报告给市(县)调查队、调查总队，最后上报至国家统计局城市司，由国家统计局城市司确定替换规格品。
203,CPI,CPI采价操作中，商品包装更新如何采集价格?,"当调查规格品出现包装变化，引起重量、体积等有所调整，但商品性质未发生本质改变时，应通过单位价格换算的方法来解决，并及时在 CPI手持数据采集系统上进行虚拟折算操作。如某品牌洗发水由350ML调整到400ML,价格由 25.00元上涨到 30. 00 元，为保持价格的连续性，调整后400ML洗发水的价格为 26.25元(30.00÷400×350=26.25元)。"
204,CPI,CPI采价操作中，商品打折促销如何采集价格?,实体店采价的规格品打折促销，是否采集折扣价应以7天为界，即折扣时间少于7天的规格品不采集折扣价，记录折扣前价格；折扣时间大于7天的规格品直接采集折扣价。网络采价的规格品打折或促销时间应以24小时为界，如打折或促销时间少于24小时，不采集折扣价，直接沿用上一采价日的价格；如打折或促销时间超过24小时(包括 24 小时)，直接采集打折或促销后的价格。此外，还要按具体情况判断是普遍现象还是特殊现象。如果是特殊现象，如折扣价仅限量供应，临近过期的食品等，原则上应采集其原价格；如果是普遍现象则采集折扣价。当商品折扣力度过大且销量不大时应及时更换规格品。
205,CPI,CPI采价操作中，返券的商品如何采集价格?,对于实体商场常用的“满a元的商品返b元的券”促销活动，应直接询问营业员“如果不返券的话，最低能打几折”，按这个最低折扣计算规格品价格。如果没有折扣价，应记录购买规格品的原价。
206,CPI,CPI采价操作中，满减的商品如何采集价格?,对于商场常用的“满a元减b元”等满额减现金的促销活动，采价员应该观察所采的单件规格品是否满足满额减的要求。如果购买单件规格品能享受现金减免，那么录入现金减免后的价格；如果购买单件规格品不能享受现金减免，则采集该规格品的实际成交价格。
207,CPI,CPI采价操作中，食品类价格采集和上报有什么要求?,鲜活食品等价格变动较为频繁的商品，采价频率为5天一次，每个月逢5和0的日期采价；其他食品每月采集2次或1次价格。时间要求上，食品类价格的采集时间应相对固定，农贸市场(生鲜市场)和超市中鲜活食品的采价均应在采价日的12：00之前完成，具体时间应基本相同，以确保价格的可比性。其中，农贸市场(生鲜市场)的具体采价时间应定为该农贸市场人流量比较集中的时段。食品类价格要求即采即报，采价时注意计量单位。因单件商品价格往往较低，为准确体现变动幅度，上报的价格必须精确至小数点后两位。
208,CPI,CPI采价操作中，外卖价格采集是否包含打包费用和送餐费用?,外卖是指通过电话或网上订餐，由相关人员配送到达指定地点的餐饮，采集的价格应包含餐饮本身价格、打包费用和送餐费用。
209,CPI,CPI采价操作中，鲜菜鲜果缺货应如何处理?,鲜菜鲜果具有很强的季节性，各地应制定明确的鲜菜鲜果上下市时间表。对于在本月采价计划中的鲜菜鲜果品种，采价员均应按照要求采集和录入价格。如遇采价计划中的鲜菜鲜果缺货，应视情推算或沿用价格，并在采价系统中备注；对于非本月采价计划中的鲜菜鲜果，本月不必采集和录入价格。
210,CPI,CPI采价操作中，工业消费品规格品替换的主要原则是什么?,(1)功能用途相同。如原规格品为某品牌滚筒洗衣机，则新规格品也应选择同品牌滚筒洗衣机，而不能选择与之功能差异较大的波轮洗衣机。(2)品牌相同或相当。若因具体原因难以选择同品牌规格品进行替换，则需选择业界影响力或市场占有量大体相当的其他品牌规格品作为新规格品。(3)生产企业或供货渠道性质相同。若原规格品为某品牌原装进口照相机，则新规格品也应选择同品牌或档次相当品牌原装进口照相机，不应选择国产代工的照相机。(4)材质相同或近似。如原规格品为某品牌含羊毛90%的男式中长大衣，新的替换规格品也需选择同品牌男式中长大衣，且材质尽可能接近原规格品面料主成分“羊毛 90%”的标准。如候选规格品A，主要成份为羊毛 85%、棉15%，候选规格品 B，主要成份为羊毛 30%、棉30%、聚酯纤维 40%，则应优先选择主要成分含量与原规格品更为接近的侯选规格品 A 作为新规格品。(5)核心技术相同或近似。若原规格品为某品牌LED液晶电视机，则原则上新规格品也应选择同品牌LED液晶电视机，不得选择等离子电视机或LCD液晶电视机等与之使用技术不同的电视机。随着技术的更新换代，若在一个调查周期内，从市场占有量看，市场上的新技术产品已取代了旧技术产品，则应选择新技术产品替代旧技术产品。需要注意的是，电器类规格品的替换，须满足新规格品核心技术优于旧规格品的原则，不得出现逆向替换。(6)价格档次相当。对于手机等通信工具，若规格品替换时仅考虑满足新旧规格品绝对价格相近，则难以反映该类别整体价格的变动趋势，应采取先定档次、再选规格品的方法进行替换。(7)市场占有量相当。新规格品在其品牌同类产品中的销量所占比重应与原规格品大致相当。
211,CPI,CPI采价操作中，工业消费品缺货应如何处理?,若工业消费品出现缺货，应首先与销售人员沟通确认该规格品是暂时断货还是不再销售。对于暂时断货的规格品，可沿用上期价格且最多沿用两次；若第三次采价时该规格品仍断货，应向市(县)调查队工作人员汇报，尽快确定替换规格品。对于不再销售的规格品，采价员应及时与市(县)调查队工作人员联系，进行替换。替换时，如果能在市场内找到其他相近的同类规格品，由市(县)调查队工作人员按照规则直接替换规格品。如无法在市场内找到相近的同类规格品，则需要确认该商品是否为季节性商品导致季节性缺货。如不是季节性缺货，在其他商店仍有销售，应尽快确定替换该商品的采价点；如属于季节性缺货(如夏季不再销售旧款羽绒服)，则沿用最近一次的价格至该类商品(冬季新款羽绒服)再次上市的月份，再替换为新上市的规格品(冬季新款羽绒服)，录入新规格品价格。
212,CPI,CPI采价操作中，服装及鞋类规格品选取的主要原则是什么?,(1)代表性。服装和鞋类规格品应选择本地消费的主流品牌、主流价位、主流产品。其中，主流品牌是指大众知名品牌，奢侈品牌一般不纳入；主流价位是指与当地收入、消费水平相适应的的价位；主流产品是指知名品牌当季畅销产品、主打产品，已停产或断码特价销售的商品不再作为代表规格品。(2)差异性。同一基本分类下规格品的选取应突出差异性，即尽量选取不同品种、款式、花色、面料、价位的服装，以全面反映当地服装的价格走势。为避免因个别品牌打折引起某类服装价格大幅波动的情况，选择规格品时应多选择不同档次、不同风格的品牌，尽量做到品牌差异化，一般同一类服装的品牌不能完全一样，每一种品牌所选的规格品不超过三个，从而提高规格品的代表性。(3)季节性。选择规格品时，要充分考虑季节性，春夏秋冬各季节服装和鞋类均要有调查品种。对于包含不同季节的分类，为确保价格走势更为合理，原则上每个季节的服装和鞋类都要选取规格品。以裤子为例，如只选取两个规格品，则应选择一条秋冬款厚裤子和一条夏季薄裤子，保证不同季节均能采到裤子的价格。
213,CPI,CPI采价操作中，服装及鞋类规格品选取的具体流程是什么?,以需要选取2—3个规格品的分类为例：(1)深入开展市场调查，广泛征求意见，选取符合制度要求、市场占有率高、有代表性的规格品分类，确保季节性产品与非季节性产品兼顾。(2)在采价点有关人员的协助下，对选中采价点销售的主要服装和鞋类按销量进行排序，选择4——5个销售相对稳定、销量较大的规格品作为预选规格品。(3)从预选规格品中选出在多个采价点均有销售的2—3个预选规格品作为主要规格品，另外1—2个规格品作为备用规格品。(4)将初步确定的主要规格品和备用规格品清单征求有关专业人员的意见和建议，最终确定正式的代表规格品。(5)选定代表规格品后，应组织调查人员，深入价格采集点，逐个品种予以确认。要准确把握代表规格品的内在、外部特征，详细记录规格品的产地、品牌、样式、材质、货号、上市价格、适用季节等，便于调查人员在采价时查找和替换规格品更为准确。
214,CPI,CPI采价操作中，服装及鞋类价格采集的具体要求是什么?,(1)同期可比。由于服装和鞋类的季节性变化明显，每一季新货上市时价格都会有不同程度的变化，各地应根据当地换季时间确定服装的上下市时间，在价格台账上标注清楚换季的时间和价格处理办法，便于同期可比，例如：去年5月份开始采夏季服装的价格，那么今年也应从5月份开始采夏季服装的价格。(2)实际成交。服装和鞋类价格通常由吊牌价和折扣率组成，最终的成交价格与挂牌价(或起初的口头报价)之间往往差异较大，因此必须采集实际成交价。(3)档次相当。由于服装和鞋类价格上市后会逐渐打折，价格逐步降低，当规格品价格降至上市价格的7折以下时，原则上应考虑更换规格品。在更换规格品时一定要参照该规格品原上市时的初始价格，不能比照替换时的最终折扣价格去选取价位相当的替换规格品，以避免出现价格越换越低的情况。(4)7天原则和24小时原则。原则上，对于实体店销售的商品，返券、打折等促销活动超过7天方可列入采价范围。但如果是从网络采价，不遵循7天原则而采用24小时原则，即时限以24小时为界，促销活动超过24小时即可列入采价范围。
215,CPI,CPI采价操作中，服装及鞋类缺货应如何处理?,服装及鞋类缺货分为两种情况，一是季节性商品过季撤柜，二是非季节性商品缺货或季节性商品未过季时就缺货。(1)如果是季节性商品过季撤柜，可在其撤柜后沿用最后一次实际采集的价格。第二年继续上市时，再次调研市场后确定新的规格品。选择新规格品时，尽量选择原材料和工艺没有大的变化、只是款式略微改变、价格变动幅度在20%以内的新款商品，且此时价格可直接采集，无需折算。若第二年该规格品不存在了，可认为是第二种断档缺货的情况，按以下操作办法进行。(2)对于非季节性商品缺货或季节性商品未过季就缺货的情况，有以下几种处理办法：一是相近款式替代法。在调查时，如发现原来的规格品已不存在，无法采价时，要先询问营业员是暂时缺货还是以后不再销售。若是暂时缺货，可沿用上次的价格，最多沿用两次，同时需准备备用规格品；若是以后不再销售，则选择与原规格品款式相近、成分比例相似、且与原商品上市价格差距在20%以内的商品作为新规格品，新规格品的价格可直接采集，不用折算。相近款式替代法要严格遵循四个“基本不变”原则：①品牌档次基本不变，如雅戈尔西服不能换成杉杉西服；②衣服原料基本不变，如不能把毛涤的换成全毛的或者化纤的；③做工基本不变，如不能脱卸的不能换成能脱卸的；④使用价值基本不变，如休闲西装不能换成正装西装或休闲大衣，秋装不能直接替代冬装。二是新款替代法。调查时如出现下述情况均可采用新款替代法，用最新款式的价格替代原规格品价格：所采的规格品价格变动异常，如商场为清空库存作特价处理；所采的规格品不再是本季主打，如有的羊绒衫几年来一直在卖，但价格不变，实际上新上市羊绒衫价格却一直上涨。三是趋势虚拟法。当采用以上两种方法更换的规格品与原来的规格品价格相差过大(超过20%)，不能直接替代时，可通过市场调研并与相关人员沟通，评估同档次商品新上市价格与上年同期相比的涨幅，综合几家商场营业员意见后，确定有代表性的规格品，通过评估推算平均价格变动幅度，同时做好记录存档工作。
216,CPI,CPI采价操作中，汽车销售遇到加价、赠品等如何处理?,对于汽车销售，如遇部分门店有加价行为，或者捆绑搭售，应采集加价或捆绑搭售后的全部实付价格。对于门店的促销活动，如送内饰、全车贴膜、时段或公里数送保养、送油卡等，这些赠送的服务、配件和装饰等价格不予拆分折算，直接采集购买汽车需支付的实际价格。
217,CPI,CPI采价操作中，汽车的规格品如何替换?,一款汽车通常在销售一年左右就会有新款上市，同时旧款会有较大促销，在旧款车销清库存、新款车供应稳定、销量加大且新旧车型为换代车型的情况下，应直接替换规格品，采集新款车型价格，并且不作质量调整，直接记录新款车型价格。选取新款车型时，应注意选取同品牌、同车型、同档次的配置，如旧车型为基本款，则新车型应选取同品牌新基本款；旧车型为豪华款，新车型则应直接选取同品牌的新豪华款。
218,CPI,CPI采价操作中，资源类产品价格如何采集?,资源类产品主要包括汽油、柴油、水、电、燃气等，这些商品的价格都是由价格主管部门统一制定的。可从官网采集价格，也可去部门实地采集，但需注意要将调价通知存档备查。对于汽柴油价格，因为调价频率较高，应按照天数加权方法计算月均价格后录入上报。对于水、电、燃气等实行阶梯价的资源类公共产品，可按照各阶梯价格设置规格品。
219,CPI,CPI采价操作中，手机和电脑类何时替换规格品?,手机、电脑类产品更新换代较快，当新款上市后，原规格品因为技术落后或销量下降等原因出现价格大幅下调，不能真实反映该类商品价格的整体走势时，需及时更换规格品。此外，当同品牌同系列新品未上市，但原规格品价格降幅超过原始成交价格的7折，或原规格品出现长时间断货等情况时，也应及时更换规格品。
220,CPI,CPI采价操作中，手机和电脑替换规格品的主要原则是什么?,(1)品牌档次保持一致。因为不同品牌间品牌价值存在差异，即使商品主要配置相同，价格也可能不同。例如电脑品牌价值大体可分为四档：第一档苹果、Thinkpad等；第二档戴尔、惠普等；第三档宏碁、华硕等；第四档神舟等，不同档次的品牌相同配置的产品价格可能相差几百上千元。因此，规格品替换时，如本品牌无类似配置，应选择同档次品牌进行替换或估算。替换时原则上要求功能用途相同，品牌相同或相当，材质相同或相近，所用核心技术相同或近似，价格档次相同，市场占有量相当。(2)商品的重要参数同档次可比。按照可比替换法的原则，手机和电脑的代表规格品替换，优先选择原款派生款，或在升级款中选择定位基本相似的规格品进行直接替换。例如原定华为 P30手机基本款为当地代表规格品，当华为 P40手机上市时，应在新款手机上市一个月左右后，在当地可以正常购买到的情况下，及时将代表规格品直接替换为华为 P40的基本款。
221,CPI,CPI采价操作中，私房房租规格品选取的数量要求是什么?,《流通和消费价格统计报表制度》规定，私房房租的代表规格品数量最少为3，是指应选取至少3类规格品，而不是3套。根据实际消费情况，建议选取一居室、二居室和三居室3类规格品。从具体房屋数量来看，原则上，北京、上海、广州和深圳四个一线城市至少应调查100套房屋；除一线城市以外的其余36个重点城市①至少应调查50套房屋，具备条件的地级市参照执行；其他市(县)规格品数量由各调查总队根据实际情况确定。
222,CPI,CPI采价操作中，私房房租规格品选取的具体方法是什么?,选取规格品时，应充分考虑当地各行政区经济发展、人口密度及实际消费情况，确保选取的规格品样本地域分布合理、各种类型兼顾。具体抽选时，应在各行政区抽选租房较多的板块(商圈)，并按照当地租房结构确定主要租赁户型作为代表规格品。代表规格品描述应清晰明确，包括地理位置、面积、居室结构、有无电梯等特征信息。
223,CPI,CPI采价操作中，私房房租价格的调查频率和时间是怎样的?,私房房租价格的调查频率为月度，每月调查上月 26 日——本月 25 日成交的规格品价格，其中成交时间是指租赁合同签订的时间。
224,CPI,CPI采价操作中，私房房租价格采集有哪些具体要求?,在采价内容上，应采集最符合代表规格品特征的成交房屋价格。若代表规格品相应特征的户型当月没有实际成交，应由调查对象参考临近区域价格变动情况对其进行估算。在具体方式上，调查对象将上月 26 日—本月25 日成交的所有符合代表规格品特征的房屋相关信息填写在《租赁房房租价格调查表》中，并于每月28 日前报送给当地调查队。如调查对象为小区生活服务点等，无法报送价格调查表，则由调查队工作人员或采价员进行实地调查并填写调查表。市(县)调查队还应每月对调查对象走访核查，了解当月房租价格变动原因、走势影响因素以及租赁需求变化情况等，并做好记录。
225,CPI,CPI采价操作中，私房房租价格是否包含中介费用?,私房房租价格是不包含中介费用的单套单月租赁成交价格。
226,CPI,CPI采价操作中，私房房租价格上报时间有什么要求?,市(县)调查队每月 28 日——30 日通过CPI手持数据采集系统上报采集到的上月 26 日——本月 25 日成交的规格品价格。
227,CPI,CPI采价操作中，如何审核私房房租价格?,审核方法主要包括逻辑关系审核、横向区域比对、纵向历史数据比对、异常值和代表性审核，以及与外部数据的匹配性一致性审核。重点审核同比和定基涨跌幅是否符合长期趋势，同时结合短期波动情况审核环比涨跌幅，并结合每月实地调研核查情况审核评估趋势的合理性。外部数据可参考其他机构或部门发布的租赁价格指数、平均租金变动情况、互联网租赁挂牌价、城乡住户收支调查中的租赁现金支出变动等。组织方式上，市(县)调查队每月组织力量对当地指数进行评估；各调查总队每季度组织力量对相关市(县)指数进行评估；40个重点城市原则上应聘请当地房地产管理部门、中介机构专家等组建专家评估团队，每半年对房租价格指数合理性进行一次评估。评估要求撰写评估记录，包括专家对房租数据的评估情况及建议，并列出专家姓名、联系电话等。评估记录需留存备查。总队定期检查下辖各市(县)开展评估情况，国家统计局城市司不定期对各总队及市(县)调查队开展评估的情况进行抽查。
228,CPI,CPI采价操作中，飞机票、旅行社收费和在外住宿价格应调查哪些内容?,飞机票价格调查的是普通消费者乘坐飞机出行所支付的费用，包括燃油附加费和机场建设费，不包括保险支出。旅行社收费价格调查的是普通消费者参加旅行社组织的团体旅行所支付的不可拆分的打包费用。在外住宿价格调查的是普通消费者出行在外住宿所需支付的价格，包括星级宾馆、快捷连锁酒店、民宿、农家乐、青年旅社等住宿价格。
229,CPI,CPI采价操作中，飞机票、旅行社收费和在外住宿如何选取价格调查点?,飞机票、旅行社收费和在外住宿价格调查点的选取原则与《流通和消费价格统计报表制度》规定一致，即应选取当地销售额大、线路齐全、经营稳定、有代表性的价格调查点。具体可根据当地消费情况选择实体价格调查点和互联网价格调查点。飞机票价格调查点建议选择各大航空公司官网或实体销售网点；旅行社收费价格调查点建议选择国旅、青旅等大型连锁旅行社以及本地有代表性的旅行社实体店或官网；在外住宿建议选择各酒店集团官网及当地有代表性的大型酒店等。后两者也可选择携程、飞猪、去哪儿网等综合性旅游服务公司或网站。对于旅行社收费和在外住宿，原则上不允许只在互联网采集价格。
230,CPI,CPI采价操作中，飞机票、旅行社收费和在外住宿如何选取代表规格品?,对于每个调查市(县)，飞机票都应选择至少1条短途(飞行时间在2小时以内或航程在 900公里以内)线路和2条长途(飞行时间在2小时以上或航程超过900公里)线路；旅行社收费应选择至少2条省(区、市)内游线路和2条省(区、市)外游线路；在外住宿应选择至少1家星级宾馆和1家快捷连锁酒店。原则上，对于36个大中城市，应在此基础上再增加至少1条长途线路和1条出境线路的航班，增加1条省(区、市)外游旅行社收费线路和1条出境游旅行社收费线路，增加1家星级宾馆和1家快捷酒店。所有航线有直飞的均应选择直飞航班，不能选择转机。有机场的市(县)，应保证选取的飞机票规格品为本地机场航线。如果本地机场航线较少，也可根据居民出行情况适当增加其他机场的线路。没有机场的市(县)，可共享使用省内邻近市(县)飞机票和长途、出境游线路的价格数据。长途飞行或旅游线路需注意区分季节性。如其中一条航线或旅行线路主要为夏季消费线路，则另一条可选择以冬季消费为主的线路。飞机票规格品应明确具体航班号和舱位，应选取消费量较大的黄金时段航班经济舱，不选取特别早、特别晚的红眼航班等特价航班或公务舱、头等舱等。旅行社收费规格品应选取消费量较大的普通大众全包旅行团，不选取主要行程为购物的旅行团，也不选取只包括机票和酒店等项目的半自助游产品。
231,CPI,CPI采价操作中，对于旅行社收费和在外住宿，若无法在不同价格调查点找到相同规格品应怎样处理?,对于旅行社收费、在外住宿等异质化的服务，如无法在不同的价格调查点找到相同规格品时，原则上可通过增加每个价格调查点的代表规格品数量来确保代表性。
232,CPI,CPI采价操作中，飞机票、旅行社收费和在外住宿对采价内容有什么具体要求?,在采价内容上，飞机票、旅行社收费及在外住宿的采价原则与其他类别基本一致，采集普通大众消费者单次消费的服务支出金额，不采集团购价格、协议价格等。旅行社收费要注意采集选定线路出团的全包价格，即消费者参加该旅行团后如不参加特殊自费项目，不再支付其他费用的出团价格。在外住宿采集普通消费者私人出行的住宿价格，不采集出差、商旅等集团协议价格。
233,CPI,CPI采价操作中，飞机票、旅行社收费和在外住宿采价时间和上报要求是什么?,由于飞机票、旅行社收费及在外住宿主要为预消费，即消费者支付时间提前于实际消费行为发生时间，因此采价时段不同于其他类别，均采集预售价格。每次价格采集完之后，不是即采即报，而是计算本旬均价，作为该次采集的价格并记录，之后按照CPI采价日历规定时间上报。具体为：每月 5 日采集本月 11 日至 20 日每日的价格，并计算出10天均价后于 20 日上报；15 日采集本月 21 日至月底每日的价格，计算出该旬均价后于月末上报；25 日采集下月 1 日至 10 日每日的价格，计算出10 天均价后于次月 10 日上报。不是每天都有航班或不是每天发团的采集该线路在该旬实际存在的每次价格，并计算相应天数均价后分别于10 日、20 日、30 日(或月末)上报。
234,CPI,CPI采价操作中，飞机票、旅行社收费和在外住宿价格采集对于打折的情况如何处理?,采集飞机票、旅行社收费及在外住宿价格时，折扣价可以直接采集，包括低于7折的价格。
235,CPI,CPI采价操作中，飞机票、旅行社收费和在外住宿价格采集对于直减或者可使用优惠券的情况如何处理?,采集飞机票、旅行社收费及在外住宿价格时，如价格可以直减，直接采集优惠价格，但要注意规格品所包含内容有无变化；如需要满足其他条件才能领取优惠券或有使用限制，比如需积分兑换的优惠券，那么不采集使用优惠券后的价格。
236,CPI,CPI采价操作中，飞机票、旅行社收费和在外住宿价格采集对于会员价如何处理?,采集飞机票、旅行社收费及在外住宿价格时，只采集普通消费者消费的价格，不采集与普通消费者不同价格的会员价。但如果某些网站需要登录才可显示价格，可采集免费的普通会员价，不可采集付费的 VIP会员价。
237,CPI,CPI采价操作中，教育服务价格采集应注意什么?,选取教育服务规格品时应注意要剔除教育机构的代收费项目，只选取纯粹的教育服务费用。采价员在采价时要与调查点联系人多沟通，了解各规格品收费是否有变化，价格变化时各规格品内容是否有变化。如遇“老生老办法，新生新办法”的收费情况，统一采集新生费用。如有无法判断的情况，应与市(县)调查队工作人员联系，查阅价格主管部门或有关机构的通知文件，由工作人员根据所掌握情况对数据进行合理测算评估。
238,CPI,CPI采价操作中，服务项目遇到免费如何处理?,如某选定的服务项目规格品(如景点门票)因各种原因采取免费政策，应与工作人员联系，了解免费的原因和时限。如只是暂时免费，在一定时期后恢复，且同一分类下有其他收费的规格品，则可用同一分类下其他规格品涨幅的几何平均数推算该规格品价格变动幅度，从而虚拟相应价格；如同一分类下所有规格品都暂时免费，则沿用最后一次价格；如长期免费，今后不再恢复，则应立即进行规格品替换。
239,CPI,CPI采价操作中，电影及演出票的调查对象如何选取?,根据本地居民的文化娱乐服务实际消费情况，结合具体采价工作，选取覆盖人群广，消费人数多的电影院、话剧或者其他演出场所作为价格调查点。对于每个调查市(县)，应至少选择2家影院或剧院；36个大中城市原则上应再增加1家影院和剧院。
240,CPI,CPI采价操作中，电影及演出票的规格品如何选取?,基本原则与《流通和消费价格统计报表制度》要求一致，即抽选居民消费量较大、价格变化趋势和幅度有较强代表性、销售情况较好的产品作为代表规格品。规格品之间性质差异越大越好，价格变动特征的相关性越低越好。选取电影票时，应选择当月排片场次多、观影人数多的热门电影，每个市(县)至少选择1个3D 电影，1个2D电影(如当前无3D电影排期，可选不同类型的2D电影替代)；36个大中城市原则上应再增加1个电影和1个话剧或戏剧；有场所举办演唱会等演出的市(县)可根据情况增加1个演唱会门票。
241,CPI,CPI采价操作中，电影及演出票价格采集和上报要求是什么?,在采价内容上，电影及演出票价格是指购买单人电影票、话剧票以及其他各种演出票的支出，不包含饮品、零食等费用。采价原则与其他类别采价原则基本一致，采集普通大众消费者单次单人消费的支出金额，不采集团购价格、协议价格、限时特价等。在采价时间上，每旬采集1次价格，每月共采集3次价格，其中至少包括两次周末。采价时应尽量选择流量较大的一个固定场次记录价格，有多个场次的，尽量选择黄金时间段(15点——19点左右)，避免过早、过晚和固定折扣的场次。上报价格统一保留两位小数。采价说明尽可能详细，包括价格波动的原因、代表规格品替换原因等。
242,CPI,CPI采价操作中，电影及演出票价格采集对于折扣或优惠的情况怎样处理?,电影及演出票的折扣价可以直接采集，包括低于 7 折的价格。对于其他优惠的情况，如价格可以直减，直接采集优惠价格；如需要满足其他条件才能领取优惠券或有使用限制，比如使用积分才能兑换优惠券，那么不采集使用优惠券后的价格。对于会员价，不采集与普通消费者不同价格的会员价。但如果某些网站需要登录才可显示价格，可采集免费的普通会员价，不可采集付费的 VIP 会员价。
243,CPI,CPI采价操作中，电影及演出票什么情况下需替换规格品?,当电影及演出由于下映、热度减退等原因不再具有代表性，或原价格调查点无法继续采集价格时，需及时进行代表规格品或采价点的替换。替换原则和方法同其他类别规格品一致。
244,CPI,CPI采价操作中，医疗服务规格品选取、价格采集及审核应注意什么?,医疗服务价格调查的重点在于采价点和规格品的抽选。采价点应选取有代表性的医疗服务机构，规格品选取应咨询医疗服务机构工作人员的意见。在各级医疗服务机构采价时，要认真核对规格品情况，与采价点联系人多沟通，对服务内容调整或价格调整的情况要详细了解。有疑问或有特殊情况的应与市(县)调查队工作人员联系。医疗服务价格一般为政府统一定价，审核医疗服务价格时应注意把握医疗制度改革和价格调整的总体趋势和时间，确保指数反映实际情况。
245,CPI,CPI采价操作中，扫描数据应用的具体方式是什么?,应用扫描数据采价时，由被选中的调查企业(网点)工作人员每月在规定时间内，将调查规格品包括价格、规格特征等信息在内的扫描数据提供给当地调查队，以作为流通消费价格调查的基础数据。各市(县)调查队专业人员对调查企业(网点)报送的扫描数据认真审核后，导入或录入 CPI数据采集系统。
246,CPI,CPI采价操作中，扫描数据的应用对象应具备哪些条件?,(1)充分的代表性。在当地所占市场销售份额较大、销售稳定性较好。(2)完善的电子结算系统。电子扫码结算的数据库中具有交易商品的详细信息，能充分满足价格采集的需要。(3)持续稳定的合作关系。政企关系融洽，配合程度高，能与统计机构建立长期、稳定的合作关系并按要求提供数据。(4)专门负责的业务人员。有专门负责提供扫描数据的业务人员，具备较强的责任心和较高的业务水平，熟悉商品销售和价格变动情况。
247,CPI,CPI采价操作中，扫描数据的应用对象如何选取?,各调查总队根据本省(区、市)实际情况，制定扫描数据应用推进计划。市(县)调查队在总队统一部署下，充分了解当地企业经营状况、市场销售情况和合作意向，初步选定符合条件的调查企业，并在年末将下年度计划情况上报调查总队审核。各调查总队统筹考虑全省(区、市)情况，形成本省(区、市)调查市(县)和调查企业名单并上报国家统计局城市司最终审定。
248,CPI,CPI采价操作中，扫描数据应用对象选定以后需做哪些准备和培训工作?,确定调查企业后，市(县)调查队应与调查企业充分沟通协调，明确数据上报责任。可向调查企业出具告知书，明确其权利和义务，要求其依法如实提供基础价格资料。同时，明确企业提供扫描数据的部门，并确定该企业(网点)内一名固定的工作人员作为价格统计联络员，建立联络员和责任人制度。当联络员或责任人变动时，需报调查队备案。调查队专业人员应定期对企业联络员进行调查方案、采价方法、规格品替换等相关知识技能培训。
249,CPI,CPI采价操作中，扫描数据应用的具体分类和代表规格品选取有什么要求?,应用扫描数据的具体分类，应为企业数据库中规格明确、供给和销售较为稳定的商品或服务类别，可根据企业(网点)销售情况确定。同时，应统筹分配现场采价与应用扫描数据采价的基本分类数量比例。若条件成熟，可充分应用扫描数据进行采价。每一分类中具体规格品的选取原则，与现场采价的规格品选取原则一致，但数量需比现场采价适当增加。原则上，运用扫描数据替代现场采价的基本分类，调查的规格品数量应为《流通和消费价格统计报表制度》规定该类别至少需要调查规格品数量的2倍以上。若替换规格品，替换方法与现场采价一致。
250,CPI,CPI采价操作中，扫描数据应用的具体分类和代表规格品的选取流程是什么?,年底前，各市(县)调查队选出下一年拟应用扫描数据的具体分类和规格品并报调查总队审核，各调查总队将本省(区、市)调查规格品清单汇总后上报国家统计局城市司，经审定后方可执行。市(县)调查队将审定备案后的详细规格品清单在每年初提供给调查企业(网点)，期间如需进行规格品替换，由市(县)调查队工作人员指导企业(网点)联络员完成。
251,CPI,CPI采价操作中，扫描数据应用的数据报送方式是怎样的?,应用扫描数据采价时，调查企业(网点)联络员从扫描数据中提取采价日当天指定规格品的交易价格等信息，逐一核实产品货号、名称、规格及型号，并将相关信息按调查队工作人员提供的表格格式导出保存。如遇规格品缺货或下架等异常状态，需及时向市(县)调查队工作人员反馈，按照指导进行规格品替换等操作。调查企业(网点)联络员将当月采集数据的电子版和经过调查企业(网点)盖章的纸质版以约定的方式和时间提供给市(县)调查队工作人员。
252,CPI,CPI采价操作中，扫描数据应用对数据审核有什么要求?,数据审核方面，市(县)调查队收到调查企业(网点)报送的扫描数据后，应从逻辑性、匹配性和一致性上对数据进行审核，有关折扣、促销、缺价等数据要逐一与调查企业(网点)联络员联系确认。数据经审核后才能导入CPI数据采集系统。各总队应对所辖市(县)调查队上报的数据进行审核检查，包括逻辑关系审核、横向区域数据比对、纵向历史数据分析等。发现疑似问题反馈至相关市(县)调查队复核，如确实为错误，需由市(县)调查队联系调查企业(网点)联络员更正并重新上报。
253,CPI,CPI采价操作中，扫描数据应用对数据质量检查有什么要求?,针对扫描数据质量，市(县)调查队每月应到调查网点走访。在选定的采价日，调查队工作人员或采价员到应用扫描数据的调查企业(网点)，随机抽选该网点至少20%的规格品进行现场采价，将现场采集的价格与扫描数据中的相应价格进行比对。如发现问题，及时与调查企业(网点)联络员沟通反馈并令其更正。同时，通过走访了解市场情况和价格走势，检查规格品替换等情况，对调查企业(网点)的基础工作进行监督，确保调查企业(网点)联络员按要求采集价格。调查总队也应定期对市(县)调查队及相关调查企业(网点)回访抽查，重点检查制度执行情况和数据审核情况，发现问题应责令市(县)调查队立即整改。
254,CPI,CPI采价操作中，扫描数据应用对数据备份和应急预案有什么要求?,各调查总队负责制定数据备份和数据采集应急预案，组织各市(县)调查队做好应急预案演练，确保在突发情况下能正常开展价格采集和数据汇总工作，不影响数据的正常生产和发布。
255,CPI,CPI采价操作中，网络交易价格采集采用什么样的组织模式?,采用全国集中、各地补充的模式。国家统计局城市司制定网络交易价格采集操作办法，同时根据市场消费状况制定具有消费共性的全国集中采集网络交易价格项目目录，组织做好全国集中采价工作，按月反馈基础数据。各调查总队按照操作办法，在全国集中采价基础上，根据需要，组织相关市(县)调查队增采一些具有地域性消费特征的商品和服务价格。
256,CPI,CPI采价操作中，对于某一个基本分类，可以只在网络采价吗?,目前，除政府定价、线上线下完全同价、实体店采价困难等特殊情况外，每个基本分类都应有一定数量的实体采价点，不能只进行网络采价。
257,CPI,CPI采价操作中，网络采价的规格品如何选取?,网络采价代表规格品的选取原则与实体店采价要求一致，即尽量选取网络消费量较大、价格变动趋势和程度有较强代表性的商品和服务。全国集中采集网络交易价格项目目录主要选取全国具有普遍消费共性的项目；各地在选取本地网络采价规格品时，应选取未在全国集中采集网络交易价格项目目录上且具有本地消费特征的项目。如各地选取的网络采价规格品与全国集中网络采集的规格品在同一基本分类下，其性质差异越大越好，价格特征的相关性越低越好。
258,CPI,CPI采价操作中，对于同一规格品，是否允许既在网络采价，又在实体店采价?,原则上，进行网络采价的规格品应与实体店采价的规格品有所不同。对于同一规格品，不允许既在网络采价，又在实体店采价。
259,CPI,CPI采价操作中，网络采价对规格品数量有什么要求?,对于在网络和实体店均采价的基本分类，进行网络采价的规格品数量可根据居民在该类商品或服务上进行网络消费的金额占消费总金额的比重来确定，比重数据可通过住户调查资料或相关网络消费结构专项调查资料获得。一般情况下，网络消费的比重越高，进行网络采价的规格品数量也应越多。对于只在网络采价不在实体店采价的基本分类，调查的规格品数量应为《流通和消费价格统计报表制度》规定该类别最低需调查数量的2倍以上，水、电、燃气、火车票等政府统一定价的规格品除外。
260,CPI,CPI采价操作中，网络采价对调查对象有什么要求?,网络采价调查对象的选取要以居民的消费习惯和购物倾向为依据，选择交易额较大、销售稳定性较好、具有代表性的电商自营网站、政府部门或企业官方网站等，一般不选择第三方卖家、个人店铺等；对于政府统一定价的商品或服务，只选择官方网站。从具体类别看，家用器具、通信工具、文娱耐用消费品和化妆品等类别，可选择京东自营、天猫相关品牌旗舰店、苏宁易购自营等网站；食品、家庭日用杂品等类别，可选择天猫超市、京东超市、中粮我买网等网站，也可选择大型超市或电商的送货服务，如京东到家、盒马鲜生、物美超市的多点 APP 等；飞机票选择各大航空公司官网；火车票选择中国铁路客户服务中心12306官方网站；旅行社收费、在外住宿可选择携程网、去哪儿网或相关企业官方网站等。
261,CPI,CPI采价操作中，全国集中采集网络交易价格的具体实施方式是怎样的?,年底前，国家统计局城市司统一确定下一年全国集中采集网络交易价格的项目和规格品目录，并反馈各调查总队；同时，统筹安排和组织部分省(区、市)采集价格。采价过程中，如需进行规格品和采价点替换，承担采价任务的调查总队需及时与国家统计局城市司沟通，由城市司确定规格品和采价点的替换。
262,CPI,CPI采价操作中，各地补充采集网络交易价格的实施方式是怎样的?,年底前，各调查总队结合当地实际情况，根据需要，在全省(区、市)范围内合理安排确定本省(区、市)下一年在全国集中采集网络交易价格项目目录之外需增采的项目和具体规格品，并将下一年拟进行网络采价的网站、基本分类目录和规格品清单按标准格式汇总后上报国家统计局城市司，经批准后方可执行。同时，根据选定的项目和规格品目录，统筹确定采价网站，组织市(县)调查队进行网络采价；如需进行规格品和采价点替换，采价员需在市(县)调查队工作人员指导下完成，调查总队在下一月报时将规格品和采价点替换情况上报国家统计局城市司备案。
263,CPI,CPI采价操作中，网络交易价格能否采集会员价、秒杀价、限制条件的团购价?,网络交易价格的采价原则与实体店一致，即采集普通消费者实际成交的单个商品或单次服务的价格，不采集会员价、秒杀价、限制条件(如拼单等)的团购价等。
264,CPI,CPI采价操作中，采集网络交易价格的具体步骤是什么?,在相应网络采价网站或 APP 申请新的固定账号专供采价使用。采价时，需登录该账号，将收货地址选择为采价人员所在市(县)，并按照网购步骤依次点击下一步，采集生成订单上的最终成交价。
265,CPI,CPI采价操作中，网络交易价格采集对通过一定支付方式可再优惠的价格如何处理?,采集网络交易价格时，不采集通过第三方支付手段(如银联优惠、信用卡随机立减等)和网络金融服务(花呗等)等方式支付的再优惠价格或折扣价格。
266,CPI,CPI采价操作中，网络交易价格的采集是否包含运费?,运费单独附加的非包邮商品或满额才能包邮的商品只采集商品价格，不采集运费；运费为零的包邮商品直接采集该包邮商品价格。需注意的是，采集商品价格包含运费与否在各个采价期必须保持连续性和一致性。例如，该商品为非包邮商品，不包含运费，则一直采集非包邮不含运费的价格；如某次采价时发现该商品变成包邮了(运费为零)，需折算成非包邮不含运费价格，以确保同质可比。
267,CPI,CPI采价操作中，网络交易价格采集的时间要求是什么?,采集网络交易价格时，应在采价日当天固定时间段内采集，且时间段尽可能短一些。
268,CPI,CPI采价操作中，网络交易价格采集对采价渠道有什么要求?,采集网络交易价格时，要固定采价渠道，网页和 APP 不能互换采集。
269,CPI,CPI采价操作中，网络交易价格采集对打折促销时间有什么规定?,考虑到网络销售的特殊性和时效性，实体店采价时“打折时间少于7天不采集折扣价”的规则不适用网络采价，网络采价的规格品打折或促销时间以24小时为界。如打折或促销时间少于 24 小时，不采集折扣价，直接沿用上一采价日的价格；如打折或促销时间超过24小时(包括24小时)，直接采集打折或促销后的价格。
270,CPI,CPI采价操作中，网络交易价格采集对满赠或满减的情况如何处理?,对于买一赠一、买一赠二、第二件零元等只需购买一件即可享受优惠并可以明确换算价格的商品，价格直接换算成单件商品价格；对于购买第二件价格在零元以上但又低于只购买一件价格的商品，采集只购买一件时的价格；对于购买多件商品可减免价格最低的一件商品费用时，不考虑满减，采集只购买一件的实际成交价。
271,CPI,CPI采价操作中，网络交易价格采集对面向特定消费者优惠的情况如何处理?,对于一些面向特定消费者的优惠，如用积分换领优惠券、VIP会员领优惠券、收藏店铺领优惠券、首次下单优惠、前几名下单享受折扣、秒杀价等，不采集优惠或折扣后的价格，采集所有普通消费者都能购买到的单件成交价格。
272,CPI,CPI采价操作中，网络交易价格采集对商品连包的情况如何处理?,网络采价的规格品常常连包或整箱售卖，如饮用水、香皂等，采集连包商品的价格后要换算成目录中规格品的单位价格。但需注意，确定该规格品以连包形式采集后，必须一直采集连包价格，不能再采集单独售卖的价格。如连包不再售卖，不得不采集单独售卖的价格时，按规格品替换处理。
273,CPI,CPI采价操作中，网络交易价格采集对预付定金的情况如何处理?,若购买某规格品预付定金才能享受优惠，则直接采集当天的销售价格，不采集定金加尾款的到手价。
274,CPI,CPI采价操作中，网络交易价格采集对“618”“双11”等网络特定促销时节的采价有什么规定?,采集网络交易价格时，对于“618”“双11”等网络特定促销时节，考虑到其影响力和成交量，原则上应采集该时节的价格。如促销活动当日正好是采价日，按正常采价流程进行；如促销活动当日非采价日，可将距离促销活动日最近的采价日适当提前或延后，以确保采集到促销活动当日的价格。促销活动必须是各大网站皆有、规模较大、影响范围较广、成交量明显高于日常的活动，普通促销活动不适用于此要求。
275,CPI,CPI采价操作中，网络交易价格采集对规格品缺货、下架或网点关闭等情况如何处理?,采集网络交易价格时，如遇规格品缺货或下架，首先应通过询问客服、重新在该网站或APP 手动输入规格品名称进行检索的方式，仔细核实该规格品是否仍在销售。如仍在销售，只是更换链接，则在新链接中采集价格；如暂时缺货，商家正在调集货源，可最多沿用两次上期价格，即可沿用时间不超过一个月，第三次仍缺货则需替换规格品并采集新规格品价格；如经客服确认，且在该网站或APP已找不到该规格品，则需按要求做好规格品替换工作。规格品替换处理原则同实体店采价一致。如遇网点关闭，原规格品价格无法采集时，处理原则同实体店采价一致。
276,CPI,CPI采价操作中，网络交易价格的调查频率是怎样的?,原则上，采价频次和日期规定遵循CPI采价日历，与实体店采价保持一致。基于网络销售的特殊性，对于一些价格变动频繁的商品和服务，采价次数应适当增加。全国集中采价的规格品，采价频次和日期由国家统计局城市司统一确定；各地补充采集的规格品，如采价频次需在CPI采价日历基础上增加，由总队统一确定需增加的次数，并于年初在系统设置完成，同时将规格品清单和增加的采价次数上报国家统计局城市司。
277,CPI,CPI采价操作中，网络交易价格采集对数据上报有什么规定?,当日完成采价后即录入手持数据采集器并上报，上报格式和要求同实体店采价一致。全国集中采集的规格品价格，由国家统计局城市司于月末统一反馈至各调查总队，各调查总队按照统一要求组织各地在系统中导入相应规格品价格。
278,CPI,CPI采价操作中，网络交易价格采集对资料留存有什么规定?,采集网络交易价格信息除按要求上报以外，还需留存电子台账和价格截图备查。首次采集规格品价格时，要保存采价网址形成电子台账，同时保存所有规格品初始价格和产品描述信息的完整截图资料。再次采价时，如价格变动幅度超过10%，则需将页面信息截图留存备查。
279,CPI,CPI采价操作中，网络交易价格采集对数据审核有什么要求?,采价员在完成采价并上报至 CPI数据采集管理系统后，市(县)调查队应立即进行审核，包括规范性审核、逻辑性审核和更正程序审核等。发现疑似问题反馈采价员复核，同时市(县)调查队工作人员登录相应网站或 APP 进行核实，如确为错误应责成采价员立即更正并重新上报。各调查总队核查各地规格品选取、采价“三定”原则执行情况等，对所辖市(县)调查队上报数据进行定期审核，包括逻辑关系审核、横向区域数据比对、纵向历史数据分析等。发现疑似问题反馈至相关市(县)调查队复核，如确为错误应更正后重新上报。承担国家集中采价任务的省(区、市)调查总队，还应按以上流程审核采集的国家集中网采价格。此外，各调查总队还应组织人员每季度对各市(县)网络采价商品和服务的价格走势进行分析核查。分析主要包括以下几方面：一是与实体店价格进行比较，观察价格走势有无明显差异并分析原因；二是参考其他部门网站相关价格信息，比较是否存在明显差异；三是参考行业机构相关信息，判断相关价格走势是否符合实际。季度分析核查后应形成相应的数据质量评估报告，国家统计局城市司不定期抽查。
280,PPI,目前国际上有哪些 PPI分类标准? 我们参考的是什么? ,"在国际货币基金组织IMF等编制的《生产者价格指数手册》中，PPI分类主要有生产活动分类、产品分类两个分类标准。其中，生产活动分类标准主要参照国际经济活动标准产业分类(ISIC)，以主要产出为尺度，将生产者单位按生产产品、提供服务的主要类型进行划分，另外还有欧盟的一般经济活动产业分类(NACE)、北美产业分类系统(NAICS)、澳大利亚和新西兰标准产业分类(ANZSIC)等。产品分类标准主要参照中心产品分类(CPC)，主要用于产品贸易到服务、非产品贸易的分类，一定程度上与ISIC 相关联，另外还有欧盟经济活动产品分类(CPA)、北美产品分类(NAPCS)等。
2002年以来，我国的PPI分类标准主要参考国民经济行业分类标准。其中，2002 年至 2011年，PPI分类依据《国民经济行业分类》(GB/T4754—2002),包含39个大类;2012年至2017年,PPI分类依据《国民经济行业分类》(GB/T4754——2011),包含 41个大类,201个中类,581个小类;2018年至今,PPI分类依据《国民经济行业分类》(GB/T4754—2017),包含41个大类,207个中类,666个小类。"
281,PPI,PPI调查中， PPI的调查方式是什么? ,工业生产者价格统计调查采取重点调查与典型调查相结合的调查方法。根据代表性原则，采用主观选样的方法，从国家统计局的名录库中，抽选年主营业务收入2000万元以上的企业作为调查对象。经国家统计局审定，可酌情补充部分年主营业务收入2000万元以下的企业。
282,PPI,PPI调查中， PPI的采价频次是如何确定的? ,工业生产者价格调查实行月报，调查日期为调查月的5日和20日。按照国际惯例，工业生产者价格调查一般每月采集一次价格，考虑到我国工业门类较为齐全，工业产品种类繁多，为更充分地反映价格变动情况，每月采集两次价格。
283,PPI,PPI调查中，选择PPI调查企业的基本原则是什么? ,"抽取调查样本企业的基本原则有以下3条：
一是按工业行业选择调查企业。调查企业要合理分布。就编制指数的地区来讲，原则上调查企业应覆盖当地的重点中类行业。
二是优先选择大型企业作为调查对象，也可以适当选择一些其他企业，使工业生产者价格指数更加全面地反映客观实际。
三是选择生产稳定的企业作为调查对象。应通过邮件、传真、电话、走访等方式关注调查企业的生产经营状况，在其失去代表性后及时进行更换。"
284,PPI,PPI调查中，选择 PPI代表产品的基本原则是什么? ,"选择代表产品的基本原则有5条：
一是按工业行业选择基本分类和代表产品。各个主要工业大类行业(其他采矿业除外)和重点中类行业，一般应选择足够的基本分类和代表产品，以使价格指数较好地反映各行业工业生产者价格变化情况。
二是选择对国计民生影响大的产品。一般来看，销售产值大的产品对国计民生影响就大，因此都应选择为代表产品。
三选择生产较为稳定的产品。一旦被选为代表产品，就要连续调查一个时期。所以选择代表产
品时一定要考虑其生产的稳定性，试生产、经济寿命短的产品不应被选为代表产品。
四是选择有发展前景的产品。部分产品如电子产品、生物制品、新材料等，尽管其当期销售产值较小，但它是有发展前途的产品，随着时间的推移，就会逐步占有市场，所以要将这样的产品选为代表产品。而部分产品尽管一时销售产值较大，但已是国家明令淘汰或是将被市场淘汰的，则不应选为代表产品。
五是可以选择具有地方特色的产品。一些产品具有地方特色且销售产值比较大的产品，也可以被选为调查项目。"
285,PPI,PPI调查中，进出口产品是否纳入 PPI调查范围? ,工业生产者价格指数的权数来源是工业总产值或投入产出值。出口产品价值列入企业产值，因此需要将出口产品列入工业生产者出厂价格调查范围。进口产品如果是企业消耗占比较大的主导产品，一般也可纳入调查范围，应按照实际采购价格填报，价格包含关税。进出口产品使用美元(或其他货币)结算的，企业填报价格时，一般按照当月人民银行第一个外汇交易日的外币人民币中间价换算成人民币上报。
286,PPI,PPI调查中，调查规格品的计量单位的确定原则是什么? 什么情况下可以进行计量单位换算? ,"么情况下可以进行计量单位换算?
PPI产品目录中设置了代表规格品的建议计量单位，但是由于工业产品种类非常多，一个代表规格品下可能有多种工业品，计量单位也有可能差异较大，在调查过程中也可能出现企业报表人员反映计量单位不太适宜的情况。
因此，当规格品的计量单位过大或过小，导致填报的价格数据不能反映价格变动趋势时，可以更改规格品计量单位。
例如某规格品的计量单位是千克，但是企业在生产经营中通常以吨进行计价，某月销售价格是每吨134元，由于联网直报平台上价格数据的保留精度为两位小数，以千克为计量单位换算得每千克0.13元；假设价格变动为每吨131元，以千克为计量单位换算得每千克 0.13元。 以吨为计量单位反映的价格变化率是97.76%，而以千克为计量单位反映价格持平，此时就要对计量单位进行调整。
调整到合适的计量单位后，在联网直报平台填报价格数据的同时，在备注列注明新的计量单位或者在产品名称后添加括号标注新的计量单位。也存在企业产业的计量单位与调查目录不一致且无法进行折算的情况。
例如调查目录规定某产品的计量单位为吨，企业产品实际计量单位为“件”“个”且无法折算为吨，此时万峰平台可由统计调查机构在联网直报平台上直接修改成企业实际使用的计量单位，同方平台需要在备注列注明新的计量单位或者在产品名称后添加括号标注新的计量单位。"
287,PPI,PPI调查中， PPI调查企业生产的相似规格品众多且占调查企业全部销售产值的比重均较小，应如何选取规格品? ,"如果规格品生产稳定，则按照上年全年的销售额进行排序，选取销售额前1—3的规格品。
例如某玩具生产企业，生产塑胶玩具3种，金属玩具4种，木质玩具5种，绒布玩具6种。 上述18种玩具的质量规格稳定，长期不变。 此时，可以直接按18种玩具的上年销售额进行排序，取前三即可。如果选取的三个规格品中有代码重复的情况，则可选取其他销售额较高的规格品进行替换。
如果规格品更新换代较快，无法按照规格品销售额进行排序，可以按照规格品所属的基本分类的销售额进行排序，在销售额前1——3的基本分类中，分别选取一个规格品作为代表每月记录其价格。当基本分类下的规格品换代后，应及时更新的规格品。
例如某玩具生产企业，生产塑胶玩具3种，金属玩具4种，木质玩具5种，绒布玩具6种。 上述 18种玩具的质量规格均不稳定，随时根据客户需求进行调整。此时，无法按照18种玩具的销售额进行排序，只能按照塑胶玩具、金属玩具、木质玩具、绒布玩具四个基本分类的销售额进行排序，在销售额前三的基本分中，分别选取一个规格品作为代表每月记录其价格。 当基本分类下的规格品换代后，应及时更新规格品。"
288,PPI,PPI调查中，如何确定基本分类和规格品代码? ,"基本分类是 PPI编制过程中的指数汇总基本单元，也是将相似产品组价格变化汇总的节点，是连接原始价格和价格指数之间的桥梁，因此在分类标准中准确的界定基本分类显得非常重要。但是，工业产品种类纷繁复杂，目前 PPI调查基本分类1300多个，如何准确的将产品划分到基本分类，需要知识、技巧和严谨细致的工作态度。
首先要掌握目前 PPI的分类标准是根据国民经济行业分类标准GB/T4754—2017进行确定的,将部分类别进行了细化，从666个小类扩展到1300
— 42 — 
多个基本分类，那么掌握PPI分类标准要先学习国民经济行业分类标准的逻辑。从门类划分看，工业分为采矿业、制造业、水电气热生产供应业，确定基本分类要首先进行门类划分；其中采矿业、水电气热生产供应业较为简单，分别包括7个大类和3个大类，制造业分类较为复杂(31个大类)，那么制造业就是需要重点了解掌握的，按行业排列先后顺序可以划分为食品衣着、家具文化用品、化工医药、矿物加工、机电设备、回收修理等大模块，再按大类、中类、小类进行查找。在技巧方面，企业在统计登记时有划分的行业代码(4位)，是根据企业主要产品或生产经营活动进行划分的，大多数的企业划分较为准确，那么在确定基本分类和规格品时，可以参考4位行业代码缩小查找范围。"
289,PPI,PPI调查中，调查产品丢失应如何处理? (此项工作由调查总队完成) ,"调查产品由于企业生产的外在因素改变(如气候、消费习惯等)或者内在条件改变(如企业停产、产品更新换代等)，会造成暂时性缺失或者永久性缺失。调查产品缺失时，市县调查队需要核实企业调查产品丢失的原因，如果调查产品临时性缺失，则参考质量调整的方法；如果调查产品永久性缺失，需向调查总队上报相关情况，由调查总队评估产品丢失对汇总结果的影响。
(1)如果同基本分类的调查产品较多、调查产品丢失不影响省级汇总结果，可以直接删除该调查产品。
(2)如果调查产品较少、缺失影响省级汇总结果，需要及时增补调查产品。如果在现有调查企业中可以找到相同基本分类的调查产品，则可以直接增加该调查产品。如果在现有调查企业中不能找到相同基本分类的调查产品，则需寻在全省规模以上工业企业中寻找替代企业，将其增补进调查企业库，并做好替代样本企业的制度下发、报表培训等准备工作，布置好报表后，在联网直报平台进行产品设置并开展报表收审工作。如果在全省范围内都无法找到替代企业，则由调查总队使用组均值虚拟法虚拟该基本分类的价格指数。
例如某农业机械设备公司因3月份企业注销，该企业生产的中型拖拉机产品永久性缺失，先在原有的样本企业中梳理排查，了解到某路通重工机械有限公司下属的一家农业装备有限公司是主要生产拖拉机的企业，该企业为规模以上工业企业，且符合PPI调查制度要求。4月份，由调查总队将该企业增加到企业库中。"
290,PPI,PPI调查中，调查企业名录库调整的步骤是什么? ,"调查企业名录库调整是 PPI统计调查的一项重要基础性工作，每季度开展1次。由于工业品更新换代较快，企业“关停并转”现象时有出现，可能影响PPI调查样本的稳定性、代表性和覆盖面，因此需要定期开展调查企业名录库调整工作，以及时删除失去代表性的调查企业，增补生产经营情况稳定的规模以上工业企业。
调查企业名录库调整的步骤如下：
一是由各省(区、市)调查总队生产价格处，对季度内本地区调查企业生产经营情况进行梳理，初步确定拟新增调查企业和拟删除调查企业，并将相关企业的组织机构代码、名称、行政区划代码等信息报送国家统计局城市司生产投资价格处。
二是由城市司生产投资价格处将各省(区、市)调查总队上报的拟调整调查企业信息进行整理和审核，如发现报送信息有误，及时反馈相关省(区、市)进行确认和修改。
三是由城市司生产价格投资处将审核、确认后的拟调整调查企业信息报送国家统计局普查中心审核，比对其是否与国家一套表企业名录库中相关信息一致。
四是由普查中心将未通过审核的企业信息反
 
馈城市司生产投资价格处，再由生产投资价格处反馈各省(区、市)调查总队生产价格处进行二次核实。
五是由城市司生产价格投资处将最终确定的全部拟调整调查企业信息报送普查中心二次审核，审核通过后由普查中心报送数管中心进行调整。
调查企业名录库调整的注意事项：一是拟调整调查企业名录以国家一套表企业名录库相关信息为准；二是调整过程严格遵循上述步骤，各省(区、市)调查总队不得自行联系联网直报平台进行调整；三是企业名称或组织机构代码发生变更的，根据国家一套表企业名录库更新情况统一进行调整。"
291,PPI,PPI数据填报中， PPI的上报方式是什么? ,"工业生产者价格统计调查资料的上报采取联网直报方式，严格按照工业生产者价格统计报表制度规定的调查内容、上报时间报送数据。如新增企业未及时加载到联网直报平台或出现其他异常情况，经调查总队审定，可在过渡期内通过其他方式上报数据。
当所属地区、企业和产品信息发生变化时，应及时向上级部门请示汇报，征得同意后依照流程更新相应信息资料。
原则上，基层定报表（企业报表）均应通过统计联网直报平台由企业统计人员直接报送，尽量避免代报，特殊情况经总队审批可以代报。代报时，统计机构应登录机构账户操作，不得使用企业账户登录操作。
例如2020年2月，为确保疫情防控期间工业生产者价格统计调查和数据生产不断不乱，城市司发布《关于在新冠肺炎疫情防控期间做好工业生产者价格统计调查有关工作的通知》（城市函[2020]5号）要求“已复工复产的调查企业，通过平台上报数据：暂未复工或无法登陆平台的调查企业，由当地统计调查机构代报或进行技术处理，并将具体情况一并上报。”"
292,PPI,PPI数据填报中，企业无法登录平台上报数据怎么办? ,"查找无法登录平台上报原因，对不同情况有针对性的进行解决。一是登录密码错误的，可从管理员端为企业重新设置密码。二是更换电脑的，需重新安装根证书和证书。三是电脑时间设置有误，重新设置电脑时间。四是电脑安全设置或其他设置造成无法登录，重新设置电脑的相关内容。五是不明原因的，联系统计联网直报平台客服解决。如以上情况都无法完成登录的，则由调查队根据企业提供的凭据进行数据代报，需详细记录情况说明。
企业登录统计联网直报平台的常见问题及解决办法：
（1)企业登录出现400错误，证书有限期错误， 网页无法打开。
原因一：浏览器启用了ssl2.0安全协议。解决方法：浏览器取消ssl2.0协议。具体操作：浏览器菜单“工具”中，“internet选项”—“高级”—“安全” 选项中，去掉ssl2.0协议勾选。
原因二：企业未安装证书，或者企业未安装根证书，直接安装的用户证书，或者根证书安装方法不正确，未把根证书下载保存在本地后再运行安装，而是选择的在线直接安装。解决方法：按照正确的证书安装流程下载安装证书。具体步骤：下载根证书保存到本地一运行安装根证书一安装用户证书。
原因三：证书安装正确，但未生效。解决方法： 重新启动计算机。
原因四：报表计算机下载安装了税务证书。解决方法：税务报税有key，不用下载安装电子证书， 删除税务电子证书。
（2）登录页面验证码无法刷新出来。
原因一：浏览器兼容性问题。解决方法： ① 使用I正浏览器的情况，企业一套表地址添加到兼容性视图当中。具体操作：在IE浏览器菜单“工具”下， “兼容性视图设置”中，添加进去企业一套表地址
（注意：进行IE清理后会清除添加的兼容性地址，需要重新添加)； ② 使用360浏览器的情况，打开登录页面后，在登录页面旁边，点击鼠标右键，选择“切换兼容性模式”命令，切换到IE9以下。
原因二：360浏览器误使用了极速模式。解决方法：360浏览器切换到兼容模式。
原因三：安全设置过高。解决方法：降低安全等级为默认。
原因四：计算机IE浏览器损坏。解决方法：修复或者重新下载安装好IE浏览器，再参照前面解决方法设置。
(3)企业可以登录，但是无法打开报表或者打开缓慢，无法点击审核上报。
原因一：浏览器兼容性问题。解决方法：参照浏览器兼容性问题的解决方法。
原因二：360浏览器误使用了极速模式。解决方法：360浏览器切换到兼容模式。
（4）验收不通过，指标置灰，企业无法进行修改。
原因：企业勾选了报表页面上部的“是否免报”。解决方法：去掉“是否免报”勾选。
（5）登录企业一套表出现“用户名与证书不匹配，请检查是否用户名或证书错误。”
原因一：本计算机曾登录过企业一套表，报送
其他专业或者其他单位的报表，计算机缓存默认还是提取原来的证书。解决方法：点击浏览器菜单“工具”中，“internet选项”“内容”“证书”下的“清除SSL状态（S）”
原因二：直报用户用户名填写错误，或者本机上下载了多个企业证书，选择证书时选择错误，与证书不匹配。解决方法：修改为正确匹配的用户名和证书。
（6)企业下载用户证书，证书为zip压缩文件， 进行解压安装时，显示文件损坏。
原因：用户证书下载后，由于浏览器安全设置原因，造成后缀名错误。解决方法：手动修改“.zip” 后缀名变更为”.pfx”即可安装。
（7）企业超过报表时间需要修改报表数据，看不到报表。
原因：企业没有接到验收不通过返回的报表。解决方法：把要修改数据的报表验收不通过，返回企业。"
293,PPI,PPI数据填报中，基层统计机构代报数据的流程是什么? ,当样本企业报表人员由于特殊原因，如因疫情防控导致无法使用电脑登录联网直报平台、不可抗原因导致网络中断等，可以由统计机构代报数据。首先要与企业报表人员联系确认，必要情况时留下相关记录，确认后与调查总队取得联系说明相关情况。调查总队应对统计直管机构说明的情况进行核实审定，符合要求的进行登记备案。
294,PPI,PPI数据填报中，企业丢失应如何上报价格资料? ,"企业丢失是指企业因关、停、并、转等原因造成不能满足作为调查样本单位上报价格资料的要求。企业丢失有可能会造成调查产品丢失。因此，企业丢失上报价格资料应当分情况处理。
不影响全省指数汇总的企业丢失，可以当月向统计联网直报平台申请做企业关联报表关闭处理， 待季度增删企业库时候统一报国家删除。
影响全省指数汇总的企业丢失，由企业统计人员或者市级调查队在统计联网直报平台做价格沿用处理，并在三个月内寻找到合适的替代企业，进行企业替换。沿用上月20日填报价格。
例如5月份，某煤机有限公司因破产等待重组将长期停产，出厂的调查产品电磁钢帽（3834000299）消失，影响全省绝缘制品制造基本分类（383400）指数汇总，产品价格由市级调查队通过统计联网直报平台沿用4月20日填报价格至6月份。期间，找到某电力科技股份有限公司替代该企业，上报高压支柱复合绝缘子（3834000104）补充绝缘制品制造基本分类产品不足的情况。7月份，上报企业增删表新增该电力科技股份有限公司，确认企业库增加上后，取消原煤机有限公司报表关联， 等待下次删除。"
295,PPI,PPI数据填报中，企业临时停工停产如何报送价格资料? ,"企业临时停工停产，可保留该企业作为调查企业，先沿用其价格，但至多沿用三个月，待其正常生产后再继续上报数据，价格按实际发生价格报送， 不得以当月环比涨跌幅过大为由随意调整上月价格。
例如某化工企业，2021年5月底因环保不达标停工整顿3个月， 6-8月价格均沿用5月20日填报价格（每吨2000元），环比指数均为100。9月份复工后产品销售价格涨至每吨3000元，则9月价格按每吨3000元，上月价为每吨2000元，环比指数为3000\div2000\times100=150 。
若沿用三个月后企业仍未恢复正常生产的，基层统计机构应及时了解情况，确定复工复产无望， 可删除该调查企业，若影响省级指数汇总，应尽快寻找经营稳定、生产相同或相似规格品（属于同一基本分类）的企业上报价格资料，以保证价格调查连续性和价格趋势准确性。
各地应及时了解当地规模以上工业企业情况， 建议必要时建立企业备选库，做到有备无患。"
296,PPI,PPI数据填报中，出厂价格为什么不包含增值税、运费和杂费?,"工业生产者出厂价格调查的是产品第一次出售时的价格。由于增值税是价外税，而且国民经济核算体系在增值税的处理方法上是在全部过程完结时统一考虑的，因此调查的工业生产者出厂价格也就不包含增值税。如果采集的产品销售价格中包含增值税，则报送价格时应当根据增值税率将其剔除。同理，出厂价格调查的是产品第一次出售时的价格，是纯粹的产品“离厂”价格，因而原则上也不包括关税、运费和其他杂费。
例如某产品含增值税的价格是500元，增值税率为13% ，则报送的该产品的出厂价格应为500一1.13=442.48元。"
297,PPI,PPI数据填报中，购进价格为什么包含增值税、运费和杂费? ,"工业生产者购进价格调查的是企业购买来的原材料、燃料及动力等产品的最终价格，通俗理解为企业购进的产品的“到厂”价格，因此原则上购进价格包含增值税、运费、关税和其他杂费。
例如某企业购买大型机械，不含税价格为50000元，运输费为2000元，安装调试费为5000
元，增值税率为13% ，运输费、安装调试费税率均为9% ，则购进价格为50000\times\left(1+13%\right)+(2000+ 5000)\times\left(1+9%\right)=64130 元。"
298,PPI,PPI数据填报中，运杂费、安装调试费等较难区分出来怎么处理?,"工业生产者购进价格调查的是企业购买来的原材料、燃料及动力等产品的最终价格，通俗理解为企业购进的产品的“到厂”价格，因此原则上购进价格包含增值税、运费、关税和其他杂费。
例如某企业购买大型机械，不含税价格为50000元，运输费为2000元，安装调试费为5000
元，增值税率为13% ，运输费、安装调试费税率均为9% ，则购进价格为50000\times\left(1+13%\right)+(2000+ 5000)\times\left(1+9%\right)=64130 元。
51.运杂费、安装调试费等较难区分出来怎么处理？
由于工业生产者出厂价格调查的是产品第一次出售时的价格，因而不应包括运费和增值税等各种税费：而工业生产者购进价格调查的是企业购进的产品的到厂价格，因而要包含运费、增值税和关税等。因此，工业生产者出厂价格是需要剔除各种税费，各税种的税率可以查询计算，而运杂费、安装调试费等可能存在较难区分出来的情况。
(1)发票上能够单列出运杂费、安装调试费等费用发生价格，则出厂价格必须剔除这些费用。
(2）发票上没有单列出运杂费、安装调试费等费用发生价格，但在企业签订的销售合同或者内部合规财务凭证上能够明确体现出该类费用价格的， 可以从凭证中取证来剔除这些费用。
(3）发票上没有单列出运杂费、安装调试费等费用发生价格，也没有任何合规财务凭证可以区分这些费用的，可以按照票据发生价格填报。但是要保证产品价格符合同质可比原则。
例如某冶金设备有限公司出厂的大型机械类产品存在安装调试等情况，企业是订单生产企业， 接到订单后根据客户需求进行定制生产，往往会先签订合同，合同上有大概的吨数和运费以及调试费，可作为参考，最终以公司核算部门的测算为准， 在上报价格时进行剔除。
一批货物的运杂费统一结算，调查规格品的运杂费没有结算细项数据，此时需要对运杂费进行分拆。在运杂费分拆时，可以咨询运输企业此类货物是按重量计价还是按体积计价，并根据运输货物的数据进行分拆运杂费：也可以按照货物的价值量分拆运杂费。如果由本企业的运输工具和人员运输货物，能按照运输总费用除以运输货物总的重量、 容积、价值量进行分拆的，可以进行分拆，也可向第三方运输公司咨询此批货物的运输价格。"
299,PPI,PPI数据填报中，打折促销产品的价格资料如何填报? ,对于打折促销产品的价格，如果此折扣仅针对的是该客户的特殊情况，其他同等条件的客户无法享受此折扣时，为了体现产品价格的市场变化，建议不采集此类特殊折扣价格：如果对满足限定条件的客户均能采用同等折扣，建议采集折扣后的价格。注意在填报本月价格、上月价格时要按照同质可比原则保持相对一致的口径。
300,PPI,PPI数据填报中，一批产品打包混卖或统一开具发票，无法区分产品价格怎么处理? ,"工业企业在生产销售时，可能遇到多类产品或一种产品多个型号打包销售的情况，此时无法获取到特定型号产品的详细价格数据，可以采用以下几种处理办法：
(1)企业产品有不打包销售的情况，可以选择能够获取详细价格数据的销售批次产品，以其价格数据填报报表。
(2)企业的产品全部是打包销售的情况时，且有合规的产品规格清单或者详细的销售清单，对所售产品规格、单一产品价格、数量有明细记录，可以根据合规财务凭证进行价格区分填报。
（3）企业的产品全部是打包销售的情况时，可以按照各种产品的成本进行分拆，比如某批次销售包括两种产品A、B，销售数量分别是Q1和Q2，销售总收人是R，获取A、B的单位成本为X、Y。X\times Q1是销售该批次A产品的成本， Y\times Q2 是销售该批次B产品的成本，以该批次A产品的成本占两种产品总成本的比例\left(X\times Q1\right)/\left(X\times Q1+Y\times Q2\right) 来分拆销售总收人R，得到销售该批次A产品的收人，再除以A产品的数量得到销售单价。
（4）企业的产品全部是打包销售的情况时，实在无法区分产品价格，原则尽量减少该类企业和产品的调查。确实该类企业或产品具有代表性，不可缺失，就采用发票金额和数量计算平均价使用。"
301,PPI,PPI数据填报中，长期合同或生产周期较长的产品如何填报价格? ,"部分工业企业在生产经营中，与客户形成了较为稳定的合作关系，提供产品的价格相对固定，此时销售价格可以作为填报的依据，但是要注意检查该合同外是否还有其他更大销量、更能体现市场变化的生产销售，如有要及时进行更换。
大型设备等工业产品的生产周期较长，比如大型发电机的生产周期可能长达3年以上，可以在产品生产销售完成后进行填报。此外，在填报大型设备价格时，如果该设备定制化程度较高，要特别注意基期单价的同质可比，尽量选用成本法等来进行质量调整，以准确反映价格变化。"
302,PPI,PPI数据填报中，为什么不调查内部结算价格? ,"内部结算价格是企业集团内部不同法人主体间的交易价格，定价权在企业集团手里，容易受到非市场因素干扰，如企业集团为维持集团与子公司间、不同子公司间的财务平衡，可能会人为抬高或
降低产品交易价格，无法客观准确反映产品价格水平及其变化趋势和变动幅度。所以理论上不应调查内部结算价格。
当前大企业或集团企业采用内部结算情况较多，如果内部结算价是企业的主要销售结算方式， 在实践中也可以采集这种价格。但应当注意，采集内部结算价格，在遇到结算价格调整时，应当如实上报，不得以当月环比指数变动过大为由人为调整基期价格。
例如某煤炭工厂只负责生产，产品交由集团公司统一销售。2一5月卖给集团公司的煤炭结算价格均为每吨800元，则2一5月上报出厂价格均为每吨800元，6月份考虑到子工厂利润较少，集团公司将结算价格调整为每吨1000元，则6月出厂价格为每吨1000元，环比指数为1000\div800\times100=125 。"
303,PPI,PPI数据填报中，以外币结算的产品价格怎么处理? ,"工业企业在进口原材料、出口产品时，可能会使用外币进行结算，在填报工业生产者购进价格表和出厂价格表时，需要换算为人民币计价。为避免不同进出口时间的汇率差异对指数的影响，企业填报价格时一般按照当月人民银行第一个外汇交易日的外币人民币中间价进行换算，并且填报报告月的5日单价、20日单价时用报告月第1个外汇交易
日的汇率，基期单价用基期月第1个外汇交易日的汇率。在报告月没有销售、购进时，结转的价格不必更新汇率。
需注意以人民币结算的国际业务，或者直接与进出口代理公司发生以人民币结算的销售、购进业务时，不需要按汇率对价格进行折算，直接以人民币成交价填报。"
304,PPI,PPI数据填报中，水、电、天然气等价格如何填报? ,"水、天然气、热力（蒸汽）等产品应按照发票上实际发生的价格填报。一般应采集5日、20日的时点价格，如果企业按月或季度结算销售价格，无法采集5日、20日时点价，可按发票计算出的时期平均销售单价上报。
此外，根据国家发展改革委发布《关于进一步深化燃煤发电上网电价市场化改革的通知》（发改价格（20211439号），“有序放开全部燃煤发电电量上网电价，扩大市场交易电价上下浮动范围，推动工商业用户都进人市场，取消工商业目录销售电价。”工业用电应填报市场化电价。由于电价改革后，工业用电分类较为复杂，可以根据发票、电量结算单等票据填报月度时期平均价。原则上企业应尽量填报报告月关网前的月度平均价格，如上月28日至报告月27日间的综合平均价。"
305,PPI,PPI数据填报中，一次性采购、长期使用的产品价格怎么处理?,"企业在生产经营活动中，如存在一次采购、长期使用的原材料，在填报购进价格时，应在该种原材料使用期内填报采购时发生的购进价格。待采购周期过后，直接使用新一期采购价格。若新一期采购价格变动较大，不得以当月环比指数变动过大为由人为调整基期价格，而应根据实际价格上报， 并对报告期价格进行说明，包括采购时间间隔、价格大幅变动的影响因素等。
例如某钢材加工厂2月集中采购钢材为每吨3000元，一直使用到6月，3一6月上报购进价格均为每吨3000元，环比指数为100；7月重新采购价为每吨3600元，则7月购进价格为每吨3600元，环比指数为3600\div3000\times100=120 ，并在说明中注明采购时间间隔为4个月，价格变动原因为市场需求扩大、铁矿石价格上涨等。"
306,PPI,PPI数据填报中，销售返现、质量异议冲红等特殊情况怎么处理?,"(1)销售返现。销售返现是指生产厂家为了刺激销售，提高经销商（或代理商）的销售积极性而采取的一种正常商业操作模式。一般是经销商或代
理商在一定市场、一定时间范围内达到指定销售额基础上，生产厂商给予一定比例奖励。如果可以明确是调查产品发生返现，且返现发生在采价期，并已体现在价格凭证中，建议按照扣除返现后的价格填报，以体现实际成交价格。若销售返现不是发生在当月价格采集期，且当月凭证无法体现，或不能明确具体调查产品的返现金额，则价格采集时一般不予考虑。
例如某汽车集团股份有限公司生产的嘉悦A5 （1.5TCVT超越），对各经销商均按每台81800元销售（含税，不含税价每台72389.38元），但经销商可以享受商务返利，如2020年6月20日开给某汽车贸易有限公司销售发票上返利金额每台17699.12元，该日上报价格即为每台72389.38- 17699.12=54690.26元。
(2)质量异议冲红。质量异议冲红是指在会计业务操作中，因为产品质量异议而发生的行为。正常销售发票是白票，如果某产品发生质量异议，经协商，销售方可以开红票冲抵。出厂价格反映的是产品正常技术指标下的交易价格，发生质量异议企业开出的红票，建议价格采集时不作考虑。
例如某医药化工股份有限公司生产的葡醛内酯是一种化工原料，在和下游客户发生质量异议
时，一般作冲红处理，即财务在原有票据基础上再开具一张冲红专用红票。假设，原先和下游客户协商的价格是每千克10元，则按照每千克10元的价格开票：如果下游客户有质量异议，要求价格按照每千克9元来结算，那么原先每千克10元的票不变，再开具一张每千克1元的红票来冲红。价格采集时以每千克10元计入。"
307,PPI,PPI数据填报中，矿产品规格等级较多，各调查月销售的规格差异较大，价格如何处理? ,"矿产品规格等级较多的，原则上应选定若干个生产稳定、交易量较大的等级进行调查。如果各调查月销售的规格差异较大，无法保证同质可比的， 建议可进行质量调整，对本月等级的规格，由采购或销售定价部门按照市场价格变动幅度及矿石品位评估、推算上月价格（如煤炭可按照燃烧值、铁矿可按照铁的含量等），并在报表中注明调整基期价格的原因。
例如某铁矿开采公司本月销售的铁矿石为66% 含铁量的，价格为每吨1600元，而上月销售的是铁矿石为63% 含铁量的，价格为每吨1500元，两期规格品不可比，不可直接进行比较，销售定价部门推算上月66% 含铁量的铁矿石价格为每吨1550
元，则环比指数为1600\div1550\times100=103.2 。"
308,PPI,PPI数据填报中，军工企业生产的产品如何处理? (军用产品、民用产品) ,"企业生产军用产品，相关信息一般属于国家秘密，凭证不得对外公开。按照相关保密规定要求， 为维护国家安全，严禁采集军用产品价格。
部分军工企业也生产民用产品，按照相关保密规定要求，若企业没有在一套表规模以上工业企业库中，则无法加载至联网直报平台，即使生产民用产品，一般也不应作为样本企业开展调查。
另外，一些非军工企业也生产军用产品。若这些企业在一套表规模以上工业企业库中，可以采集其民用产品价格，但也应当注意安全保密。
例如某雷达公司在一套表规上名录库里，既生产军用雷达，也生产民用雷达，该公司可作为PPI 调查企业，采集和上报民用雷达价格。"
309,PPI,PPI数据填报中，订单式企业、来料加工企业或设备维修企业如何选取调查产品，价格资料如何填报? ,"订单生产的产品，因订单产品材质、尺寸等不同而导致产品无法同质可比，可以使用专家评估法进行质量调整，也可以使用成本法测算生产成本以剔除非价格变动因素，即把因改变功能、样式、材
料、容量及其他特征造成的成本增减额从价格中剔除。
例如某杯子加工厂销售的不锈钢杯子的构件、 材料、功能、款式等一直未变化，但7月因为包装材料从普通纸盒改成了精包装木盒，价格从100元提高到110元，不能满足同质可比的要求；经过评估推算，采用精包装木盒的上月产品价格也为110元，所以调整上月基期价格为110元，环比指数为110÷ 110\times100=100 O
来料加工生产的产品，比如玩具加工、服装加工、部分电子产品组装等，可以采集调查单件产品的加工费，如填报一套男士套装的加工费、一个绒布娃娃的加工费等。如果来料加工产品周期短、变换快，前后调查周期产品种类不一致，不满足同质可比原则，需进行质量调整。
例如某服装厂5月来料加工的女士服装加工费为每件55元，6月来料加工的男士服装加工费为每件40元，无法直接进行比较，由生产部门根据上月人工成本、业务繁忙程度等推算男士服装加工费为每件39元，则本月环比指数为40\div39\times100 =102.6 。
设备维修企业可以采集工时或某重要部件的维修费等，如汽车的保养费、船舶发动机的修理费、
单位工作量的工时费等。
例如某船舶修理厂，7月维修的是5000吨的货轮，6月维修的是3000吨的渔船，企业每个月采集的是一平方米钢板的维修/护理费用，确保两期产品和价格的同质可比。若给客户的报价中可以详细区分出原材料价格、修理价格等各项收费，则选取修理价格上报：若企业给客户的报价中无法区分出原材料价格、修理价格等各项收费，则由市场部等报价部门出具企业内部报价单（价格包含原材料价格、修理价格等各项收费）作为原始凭证，经报价部门负责人签字公章后作为价格凭证。"
310,PPI,PPI数据填报中，调查日没有销售(或购进)产品时，价格资料如何填报? ,"若调查日没有发生交易，原则上建议采用“前后询价法”：即5日价采集上月26日至本月10日间最接近5日的、具有代表性的交易价格；20日价采集本月11日至25日间最接近20日的、具有代表性的交易价格。
若“前后询价”无法找到交易价格或只能找到部分价格，则建议采用如下处理方法：
（1）整月无交易：5日、20日均沿用上月20日价格。
（2）5日有交易，20日无交易：5日正常填报，20日沿用5日价格。
（3）5日无交易，20日有交易：5日填报上月20日价格，本月20日正常填报。"
311,PPI,PPI数据填报中，调查日有多笔销售(或购进)产品时，价格资料如何填报? ,"调查日当天企业发生多笔销售产品时，一般可以选择具有代表性的一笔销售价格，衡量标准是： 销售量大，产品没有或较少特殊订制，销售条件、结算条件正常，价格不含非市场因素（如人情因素、产品包装发生改变等）。
另外，如果确实较难挑选出当日具有代表性的一笔价格，可以使用当日该规格品的平均销售价格。
例如某企业生产的猪饲料，由于散户较多，采价日当日经常发生多笔交易，单笔销售量均不具有代表性，因此可以将当日的销售额除以销售量，计算出平均销售价格填报。如某个采价日发生分别按照每吨3957元、4225元和4175元各销售了1吨、2吨和3吨猪饲料，则采价日该规格品全部交易的平均销售价格为\left(3957\times1+4225\times2+4175\times3\right) \div\left(1+2+3\right)=4155.3 （元/吨）。
购进价格的填报，也遵循以上标准。"
312,PPI,PPI数据填报中，合同价格与实际交易价格不一致如何处理? ,合同价格是根据签订合同时市场情况确定的。产品交付时，由于市场形势变化等原因，实际交易价格可能会变化。为真实反映产品市场价格变动， 应该采用实际交易价格填报。因价格填报要求“数出有据”，此时的价格凭证可以是税务发票，也可以是经企业盖章确认的出库单、销售单、销售合同、 ERP生产管理系统截图、会计结算系统数据、人库单等。
313,PPI,PPI数据填报中，调查月当月无法及时获取凭证，价格资料如何填报? ,"数出有据是价格资料填报的基本要求。如企业报表期内可以获取当月销售发票，则严格按照销售发票填报价格：若无法获得，则可依据经企业盖章确认的出库单、销售单、销售合同、ERP生产管理系统截图、会计结算系统数据、人库单等进行填报：
若报告期内以上资料均无法获取，则可以采取错月填报方式依照上月销售发票填报价格。
例如某矿业生产铁精粉，每月月底才出票，当月报表采价期内无其他凭证，当月采集上月底发票价格。"
314,PPI,PPI数据填报中，调查规格品相似度较高，是否可以填报混合平均价? ,"混合平均价，指存在质量差异的不同分类或产品的平均价格，例如，钢材平均价格、蔬菜平均价格、手机平均价格等。实践中，一般不应使用混合平均价，但工业生产错综复杂，产品规格千差万别， 具体问题应具体分析。
（1）企业主销产品下有不同系列产品，每个系列又有不同型号，各规格型号的销售量差异不大， 且各具体规格产品价格差异也不大，价格凭证无法区分单个规格品的具体价格。这种情况下可以使用不同规格的平均价格。
例如某食品生产公司，企业主导产品为方便面，口味有红烧牛肉面、小鸡蘑菇面、海鲜面、老坛酸菜面等，各规格销量差别不大，价格基本一致，价格凭证未标明具体口味的销量和价格，此时可以考虑使用平均价。
（2）若生产的产品用途基本相同，规格众多，出厂价格按重量或长度计价，规格型号差异对产品价格影响小，如铜线材、棒材等，可以考虑使用平均价格。
例如某铜材有限责任公司，企业主导产品为漆包线，具体规格多达数十种，各规格漆包线之间又有很大的相似性，产品按重量计价，此时可以考虑使用按重量计算的平均价格。"
315,PPI,PPI数据填报中，调查规格品价格出现奇异值时如何处理? ,"出现奇异值时，首先应查询上报的企业价格中是否含有非价格变动因素，并可要求调查企业提供相应的价格凭证进行查看。如确实存在非价格变动因素的，则应剔除非价格变动因素后重新填报价格。如果价格确实发生变化，可保留该记录，并注明价格变动具体原因。没有充分依据的，不应直接删除奇异值。不得以价格波动较大为由随意删除或调整样本价格。
例如硫酸因储存不易，受市场需求变化价格变动极大。2021年4月某化工厂硫酸价格为每吨150元，5月下游工厂检修，硫酸市场行情不好，价格降为每吨50元，则5月上报的出厂价格为每吨50元，
环比指数为50\div150\times100=33.3 。6月下游工厂检修结束，需求恢复，价格上涨至每吨130元，则6月上报的出厂价格为每吨130元，环比指数为130÷ 50\times100=260 。"
316,PPI,PPI数据填报中，高新技术产品、大型机械设备及定制产品的基期单价如何制定? ,"当前一些高新技术产品（如手机、部分家电、可穿戴设备等）更新换代非常快，推出新产品的周期越来越短。在这种情况下，如果企业只上报上一代产品，价格指数将严重失真，因此必须让企业上报市场主流产品，这就涉及新产品基期价格的确定。此外，大型机械设备（如锅炉、混凝土搅拌站等）一般是根据客户需求定制，要保证产品同质可比也要剔除非价格变动因素。高新技术产品或大型机械设备等定制产品基期价格可以采取以下方法。(1)成本模拟法。
计算公式为：新规格品基期单价= 原规格品基期单价\times （新规格品单位成本一原规格品单位成本）
例如2019年12月，某汽车股份有限公司，其产品艾瑞泽7汽车替换为艾瑞泽GX 2019款1.5T CVT劲色版，企业财务给出详细的成本数据。新产品总成本为每辆72300元，原产品总成本为每辆
75200元，原产品基期单价为每辆82700元，根据公式，测算出新产品基期单价为每辆79510元。
(2)主件配置成本法。部分产品主件成本占比高，此时可以考虑主件配置成本法。
计算公式为：新规格品基期单价= 原规格品基期单价\times （新规格品主件成本一原规格品主件成本）
例如某印刷包装机械有限公司生产骑马订书机，产品由机头和机身两部分构成，机身配置基本相同，机头分美国Deluxe机头、美国isp机头、美国M2000机头、德国机头、国产机头等，不同机头购价差异大，售价也明显不同。上报产品DQB404一O2C骑马订书机，2020年4月售价为23893.81元（不含税，下同），配置德国机头，购置成本约21000元，5月同型号售价为19469.03元，配置美国De luxe机头，购置成本17000元。依据公式，新规格品基期单价=23893.81\times17000\div21000=19342.61 （元）。
（3）标准配置法。针对不同配置导致不同价格的产品，在效用等同（主要部件相同）的情况下，确定主要规格技术指标，采取排除不同配置、只采集标准配置产品价格进行上报的原则，保证数据的同质可比性。
（4）相似产品推算法。找到市场上相似（如用
途、外观、颜色、形状等）的产品，利用其价格指数推算出新产品的基期单价。
(5）专家评估法。访问业内专业人土，评估出新产品的基期价格。"
317,PPI,PPI数据填报中，季节性产品的价格资料如何填报? ,"季节性产品的价格，在确保该类产品品质相同的情况下，在本季采用实际交易价格，过了这个季节的月份，沿用上月价格，当下一个季节来临时，则直接采用次年当季产品的价格。
例如9至11月是桔子的成熟季节，某水果加工厂采购当季桔子三个月价格分别为每吨800元、700元、600元，12月份至次年8月份的9个月价格沿用上年11月20日600元的价格，到次年9月份价格涨至1500元，则9月份上报1500元的价格，当月环比指数为1500\div600\times100=250 。"
318,PPI,PPI数据填报中，沿用价格时，应沿用什么价格? ,"如果企业经营状况不好、关停并转或规格品停产，不能正常上报，可按照第63问暂时沿用价格。通常情况下，数据可沿用3个月，如果沿用超过3个月，需要尽快寻找企业或规格品进行替换。
例如某企业生产的铁精粉，3月份正常销售，5日、20日上报价格每吨分别为524元、695元。后续由于环保因素停产，4月份开始沿用最后一次有效价格，期间报告期两次调查日价格均用695元上报。沿用价格3个月后，企业仍无法确定何时复产， 7月份在季度增删企业时删除该企业。"
319,PPI,PPI质量调整时，什么情况下适用专家评估法? ,专家评估法适用于高度复杂且没有其他方法可用的规格品。使用专家评估法须满足两个条件， 一是专家的资质应得到相应认证；二是应选择多名专家，并在可能的情况下，选择拥有不同背景的专家。同时，建议向专家指出其进行评估的间隔期， 可考虑使用Delphi 方法。
320,PPI, PPI数据质量审核的依据是什么? ,审核依据，必须严格按照《工业生产者价格统计报表制度》《中国工业生产者价格统计工作手册》 和《国家统计局数据质量审核评估管理办法（试行）》，同时也要参考最新宏观经济调控政策、行业政策，以及相关宏观经济数据、国内外大宗商品价格相关数据等资料。审核数据时还应结合纵向时间序列分析和横向地区间数据对比。
321,PPI, PPI数据质量审核的主要方法是什么? ,"第一，基础数据审核：(1)上报数据规范性。检查报送的基础数据是否齐全，压缩文件格式是否正确，有无漏报、错报等情况发生。校验上报的数据与直报平台数据是否吻合，如有出入需核实。若非因质量调整造成，须修正错误，重新上报。如有非联网直报企业，须检查其未在直报平台上的原因，并记录备案，待企业库调整时予以处理。(2)上报说明文件。对重要行业价格指数异常波动的，要分析原因。如果走势与市场趋势不一致，说明文件中应列出产生影响的相关企业以及价格信息，并核实企业价格波动原因。如发生错误，应及时进行沟通修正。(3)质量调整检查。检查规格品质量调整的情况，查看其调整依据是否充分，调整时是否遵循“同质可比”的要求，调整后的价格相对数是否与市场实际情况一致。
第二，数据偏差分析：(1)原始价格。检查调查企业上报的规格品价格，比较其5日价格和20日价格的差异是否存在异常(例如，阈值为5%)；本月平均单价的环比波动情况是否合理(例如，阈值为5%)，异常情况是否进行说明。(2)价格指数。检查地区的基本分类环比价格指数，核实其波动情况是否合理(例如，阈值为5%)，异常情况是否进行了说明。
第三，历史数据比较：(1)原始价格。检查企业上报规格品价格的长期波动情况，对价格超过一段时间(例如，6个月)无波动或波动较大的企业，要查清原因，提供必要的凭证，并要求基层调查队对其进行走访，调研企业的实际生产经营状况。(2)基本分类。检查基本分类定基指数的长期波动情况，对定基指数超过一段时间(例如，6个月)无变化或变化较大的基本分类，逐一进行核查，并与其他社会机构发布的相关行业价格进行比较。发现确有问题的，应将其定位至特定的地区和具体的企业，进行进一步核实。
第四，地区横向数据比较：(1)价格数据。对当月同一规格品的价格数据进行检查。如果企业上报价格出现奇异值，需对相关企业的数据进行进一步核实，查看其财务会计凭证。(2)定基价格指数。对当月基本分类定基价格指数进行检查，核查是否出现极端值。如有异常，需对相关企业进行进一步   核实。
第五，相关性分析：(1)指数相关性。判断本期数据与上期数据及上年同期数据之间的逻辑关系是否正确。如发现无法对应，应及时检查相应类别的权数资料，找出错误并进行修正。(2)行业相关性。①纵向比较：检查当期上下游行业间的价格变动是否相关。②横向比较：检查一定时期内经济结构相似或相邻地区相关行业间价格走势的相关性，若相关系数较低或变动趋势呈相反方向，需查找出价格变动情况不一致的原因，并进一步核实。
第六，外部数据校验：检查总指数和分类价格指数与其他发布数据的匹配程度，观察其趋势是否一致。参考数据主要有：PMI、工业生产利润等国家统计局发布数据，以及一些外部数据，例如国际大宗商品价格(伦敦铜价格、布伦特原油价格等)和国内期货商品交易价格等。如果发现趋势相悖，应查看该行业下的企业价格基础数据。如果是部分地区的个别企业影响所致，应反馈该地区及时核查，看企业的财务会计记录是否与上报数据一致。如不一致应迅速修正重新上报，并做相应记录。
第七，数据修正：国家汇总全国数据后，对上报价格进行进一步审核，下发数据查询单，本地区相关业务人员应及时按照查询内容进行核查。核实数据后，反馈说明具体原因和情况，上传相应原始凭证，由处室负责人签字审核上报，需要修正数据的应及时重报。
第八，数据核定：在充分审核数据的基础上，撰写月度分析报告、数据解读、新闻稿等材料。数据解密前，需做好保密工作，数据解密后，方可发布。"
322,PPI, PPI数据质量审核的相关凭证如何保管留存?留存期限是多长时间? ,"各级专业统计部门要建立健全严格的数据质量审核制度，及时对企业上报的原始数据进行审核，对疑问数据认真查询核验，必要时让企业提供报价凭证。专业统计人员要将查询核验情况、企业差错更正等信息登记在数据审核台账上。数据审核台账中可以设置审核日期、企业名称、规格品名称、价格情况、环比涨跌幅(一般超过5%)、企业回复情况、差错更正等内容，审核记录可用纸质或是电子版形式保存，企业上报的报价凭证也可以作为审核附件留存。此外，必要时，可以下发价格查询单，查询单及被查询单位回复可以作为审核凭证保管留存。据此，数据质量审核的凭证可以是数据审核台账、企业报价凭证、数据查询单及企业查询回复等。
《统计法实施条例》第二十二条规定，统计调查中取得的统计调查对象的原始资料，应当至少保存2年。法律法规另有规定的，从其规定。《统计法实施条例》第二十三条规定，统计调查对象按照国家有关规定设置的原始记录和统计台账，应当至少保存2年。数据质量审核的相关凭证可以参考价格调查原始资料管理，妥善保存，建议留存期限至少2 年。"
323,PPI,PPI调查中，调查总队什么情况下会收到数据质量查询单?,一般来说，如某地区的重要分类价格涨跌幅与全国平均水平不一致、与相近地区差异较大，国家统计局会下发数据质量查询单。按照相关要求，查询单中不会出现当期的指数，回复查询单时也尽量避免提及。收到查询单并不意味着数据必须修改，而应当仔细核实，确实存在错误的及时修正，没有问题的说明情况。
324,PPI,PPI调查中，如何准确回复数据质量查询单? ,"第一步，分析查询单。即分析查询单要“查”的内容。如：“贵省 XX价格上涨(下降)较多”，查询目标即为该大类下所有价格上涨(下降)的规格品；“贵省XX大类价格走势与周边地区和全国不一致”，查询目标即为与该大类指数同向变化的规格品。
第二步，分解查询。分地区拆分查询指标，逐一查询企业。首先，从程序中导出产品规格价格表，按照产品规格码排序，找出需要查找的同类规格品。其次，按照地区代码排序，查找出同地区需要查找的规格品。然后，分地市制作查询进行查询反馈。查询单内容指向清楚，要包含企业组织机构代码和名称、规格品名称和代码、查询的具体要求。例如“经核查数据，某某企业(组织机构代码)出厂的某某规格品(规格品代码)核实价格，说明价格下降原因。”最后，向企业核实查询反馈内容，需要企业核实价格，说明价格波动原因，并提供相应票据。
第三步，处理查询结果。纠正有误数据，汇总无误查询原因，形成反馈查询单。如果数据有误，企业需修正平台数据，市队重新下载数据，进行程序汇总审核，更新上报资料。查询单反馈必须明确错误原因，并总结相关情况，提出整改方案以免再次发生此类错误。如果数据无误，根据核实的企业数据变化原因，归纳总结相似原因，特殊原因单独说明，但不可有“市场原因，造成价格波动”此类说明。
查询单的写作要求：一是语言表述简练；二是全面且要突出重点；三是解释原因具体详细；四是对于错误数据要有纠错整改措施。
第四步，签批上报，按照时间节点，形成查询及反馈记录，经处室负责人审阅签字确认后，上报电子档和带签字的扫描版数据质量查询单。"
325,PPI,PPI报表发现错误时应如何进行修改? ,"依据报表审核流程，需要市级和省级两级审核后通过后才可上报国家，国家还要进行审核查询。
在市级审核过程中，应即报即审。专业人员在统计联网直报平台审核时，发现企业数据可疑或者错误，应立即联系企业核实情况，找出错误原因，要求企业在统计联网直报平台上重新上报正确数据，并做好查询记录登记。
在总队审核过程中，发现错误应立即通知市队专业人员与相关企业统计人员取得联系，核实情况查明原因。企业需要在统计联网直报平台上更正数据后，市级专业人员需要重新导出平台数据进行工业生产者价格调查数据处理程序审核后再上报数据包、质量调整清单及情况说明，并做好查询修改记录留存，并针对错误原因对企业做好培训讲解，防止类似错误再次发生。该操作要确保平台数据与数据包一致。
总队审核时间可能已经超过企业直报时间，企业登录联网直报平台后没有报表。此时的操作方法为：市队专业人员通过系统用户对相关企业报表设定为验收不通过，限定时间再次上报，企业统计人员再登录联网直报平台就可修改报表数据重新上报，市队专业人员再次审核后需将报表验收通过。
在国家审核过程中，发现错误应该及时请相关地区查明数据错报原因，修正数据，并提出整改方案。如有错误的，应先请国家局开通修改上报权限，并及时修正后上报；如平台数据已不可修改，可以先由市队和总队两级在工业生产者价格调查数据处理程序中修正数据，做好错误修改记录，待下月企业登录统计联网直报平台报表时间，修改基期价格数据为正确的数据。市队和总队要做好数据修正的提醒和督导。"
326,PPI,流通领域重要生产资料市场价格监测是怎么开展的? ,"流通领域重要生产资料市场价格监测自 2014年1月开始，每月 4 日、14 日、24 日发布上一旬数据，节假日顺延。反映了流通领域9大类50种生产资料市场价格监测情况，监测范围涵盖全国31个省(区、市)300多个交易市场的近 2000家批发商、代理商、经销商等经营企业。
流通领域重要生产资料市场价格，是指重要生产资料经营企业的批发和销售价格，与出厂价格不同，生产资料市场价格既包含出厂价格，也包含有经营企业的流通费用、利润和税费等。出厂价格与市场价格互相影响，存在时滞，两者的变动趋势在某一时间段内有可能会出现不完全一致的情况。"
327,PPI,国民经济行业分类标准与国际行业分类标准(ISIC)/（NAICS）有无对应关系？,"我国的国民经济行业分类标准(GB/T 4754—2017)建立了与联合国《所有经济活动的国际标准行业分类》(2006 年,修订第四版,简称:ISIC  Rev.4)的对应关系，具体内容在《国民经济行业分类》(GB/T4754—2017)中可以查到;但没有建立与北美产业分类系统(NAICS)的对应关系。"
328,HPI,现行房地产价格统计调查方法是怎么样的？,新建住宅销售价格调查为全面调查，基础数据直接采用当地房地产主管部门提供的网签备案数据。二手住宅销售价格调查部分城市采用重点调查与典型调查相结合的方法，按照房地产经纪机构或房屋居住服务平台等相关企业上报、房地产主管部门提供与调查员实地采价相结合的方式收集基础数据；部分城市采用全面调查，基础数据采用当地房地产主管部门提供的网签备案数据。
329,HPI,住宅销售价格调查中，价格资料应从哪里取得？,由于住宅销售价格构成及其影响因素的多样性，其价格资料的来源在各地有所不同。从主管部门看，有住房和城乡建设委（建设局）、规划和自然资源局、房地产管理局、住宅交易中心和不动产登记中心等；从社会调查对象看，有房地产开发商（销售商）和二手房交易中心（房地产经纪机构或房屋居住服务平台）等。各地应依照方案所规定的抽选原则，根据当地的实际情况，确定调查对象。                 新建商品住宅采用房地产主管部门的网签备案数据，一般为住房和城乡建设委（建设局）、房地产管理局。二手住宅可通过住房和城乡建设委（建设局）、规划和自然资源局、房地产管理局、不动产登记中心、二手房交易中心（房地产经纪机构或房屋居住服务平台）等部门和企业调查取得。
330,HPI,房价调查中，如何选取填报重点企业调查问卷的企业？,选取报告月内新批预售楼盘或成交面积及成交金额排名靠前的新建楼盘，以及有代表性的房地产经纪机构或房屋居住服务平台等相关企业（原则上应覆盖市辖各区）进行实地调查。
331,HPI,房价调查中，新建商品住宅和新建住宅的关系？,两者是包含关系，新建住宅包含新建商品住宅与保障性住房。其中，保障性住房是指政府为中低收入住房困难家庭所提供的限定标准、限定价格或租金的住房，一般由廉租住房、经济适用住房、政策性租赁住房、定向安置房等构成。
332,HPI,房地产价格统计调查中的金额和价格是如何界定的？,房地产价格统计调查中销售金额和销售价格均是买方为取得房地产所有权所支付的实际成交金额和平均价格，不包括与交易有关的各种税费、手续费、中介费和物业服务费等。由于住宅销售（交易）价格受住宅地段、环境、层位、朝向、装修等因素的影响，所以房地产销售（交易）价格有基价、起价、平均交易价等等。住宅销售（交易）价格统一按建筑面积计算。新建商品住宅销售价格是指新建商品住宅实际销售（交易）价，包括住宅销售前的装修费用，无论其价格高低都视为房地产销售（交易）价格的组成部分。二手住宅销售价格是指二手住宅实际交易价格，该指标取自《存量房屋买卖合同》。若合同中含有相关税费，则应将其扣除。假如一套二手住宅建筑面积70平方米，包含税费的金额为103万，其中税费12万，则实际销售金额为103-12=91万，住宅销售单价为（103-12）/70=13000元/平方米。
333,HPI,房价调查中，如何选取填报二手住宅销售价格调查表的房地产经纪机构及相关企业？,在选取时应遵循以下原则：                    （1）选取房地产经纪机构或房屋居住服务平台等相关企业要注重代表性。为保证调查资料的可靠性和连续性，要统筹考虑各种因素，选择规模大、实力强、营业额占当地总营业额比重较大、经营状况比较稳定的房地产经纪机构或房屋居住服务平台等相关企业，总营业额一般应占当地二手住宅总营业额的70%以上；对于经纪机构或相关企业经营分散、整体成交比重较小的城市，一般应选取不少于15家有代表性的经纪机构或相关企业填报数据。房地产经纪机构或相关企业原则上应报送当月全部销售数据，并按规定内容和要求填报调查表。                                  （2）各城市按照具体情况划分统计单位（包括但不限于各商圈、片区、街道、住宅小区或社区以及房地产经纪机构下辖门店等），要综合考虑住宅类型、区域、地段、结构等统计口径的一致性。
334,HPI,商品住宅销售价格指数中各基本分类的权数测算方法是什么？权数每月是否变化？,商品住宅销售价格指数是一个综合指数，反映的是一定时期内房价综合变动趋势，是各分类销售价格的变化加权汇总的结果。                      我国商品住宅销售价格指数将逢“5”、逢“0”的年份作为基期年，每五年进行一次基期轮换。本轮基期固定在2020年，2021—2025年为新一轮指数编制周期，在基期年固定各基本分类的权数。我国住宅销售价格指数编制采用的是国际通用的拉氏公式，权数为对比期各基本分类销售金额占总金额的比重。计算月度环比指数时，对比基期为上月，权数即为上月各类金额比重。计算同比指数时，对比基期为上年同月，权数即为上年同月各类金额比重。计算定基指数时，对比基期为基期年，权数即为基期年各类金额比重。由于各基本分类在不同月份的金额比重是会变化的，所以计算环比和同比指数时权数是每月变化的；但基期年各基本分类的金额比重是固定的，所以计算定基指数时权数是固定的。
335,HPI,房价问卷调查中，项目开发商统一社会信用代码如何填写？,统一社会信用代码由十八位的阿拉伯数字或大写英文字母（不使用I、O、Z、S、V）组成，其中，第1位是登记管理部门代码、第2位是机构类别代码、第3-8位是登记管理机关行政区划码、第9-17位是主体标识码、第18位是校验码。
336,HPI,房价问卷调查中项目备案名称和项目推广名称有什么区别，如何填写项目地址？,"项目备案名称指项目在住建部门实际备案名称。项目推广名称指项目在实际销售过程时的推广名称。
 项目地址即项目所在的位置。要求写明单位实际所在县（区、市、旗）、乡（镇）以及具体街（村）的名称，不能填写通信号码或通信信箱号码。                                                                                                                                                                                                 "
337,HPI,房价问卷调查中开（推）盘时间如何填写？,"项目本次开盘日期是指该项目最近一次取得预售许可证开（推）盘进入市场销售的时间。
上次开盘时间是指与项目本次开（推）盘相邻的上次开（推）盘进入市场销售的时间。"
338,HPI,房价调查中，如何填写问卷调查中的开（推）盘均价？,"本次开盘均价（元/平方米）是指该项目最近一次开（推）盘进入市场销售的住宅备案均价。
上次开盘均价（元/平方米）是指与本次开（推）盘相邻的上次开盘进入市场销售的住宅备案均价。"
339,HPI,房价调查中，如何区别问卷调查中不同的住宅类型？,根据房地产企业开发建设相关标准，别墅一般指总层数为1—3层的低密度建筑，包含独栋别墅、联排别墅、双拼别墅、叠加式别墅、空中别墅等类型；洋房一般指介于别墅和普通住宅之间，总层数为4—6层的多层花园式住宅；小高层一般指总层数为7—15层的建筑；高层一般指总层数为16—33层的建筑；超高层一般指建筑高度超过100米的建筑，总层数一般在33层以上；其他指不属于上述类型的建筑。
340,HPI,房价调查中，什么是去化率？,在某一设定时期内楼盘已认购住宅套数占楼盘本次供应住宅总套数的百分比，也就是销售率。
341,HPI,房价调查中，什么是土地出让时间、土地出让金、土地溢价率和楼面价？,"土地出让时间是该项目所在土地地块的出让交易（拍卖）成交时间。
土地出让金是指政府土地管理部门将土地使用权出让给土地使用者，按规定向受让人收取的土地出让的全部价款（指土地出让的交易总额），或土地使用期满，土地使用者需要续期而向土地管理部门缴纳的续期土地出让价款，或原通过行政划拨获得土地使用权的土地使用者，将土地使用权有偿转让、出租、抵押、作价入股和投资，按规定补缴的土地出让价款。
超出原本土地所有成本价格的部分，称为溢价。土地溢价率指超出计算所有成本在内的土地价格所占的百分比。计算公式为：土地溢价率=（竞拍成交价格-土地成本价）/土地成本价*100%。
楼面价是单位建筑面积分摊的土地出让价格，计算方法：出让土地金额除以该土地允许的最大建筑面积。最大建筑面积受政府批准的容积率控制。楼面价表明了该项目在销售时，单位售价中所包含的土地成本。"
342,HPI,房价调查中，什么是容积率？,容积率是指一定地块内，地上总建筑面积计算值与总建设用地面积之比。地上总建筑面积计算值为建设用地内各栋建筑物地上建筑面积计算值之和；地下有经营性面积的，其经营面积不纳入计算容积率的建筑面积。一般情况下，建筑面积计算值按照《建筑工程建筑面积计算规范》（GB/T50353-2005）的规定执行。
343,HPI,房价问卷调查中新房和二手房成交数据在调查月后发生交易撤销，后期问卷中近三个月的数据该如何统计？,"因本调查问卷填写的时间周期为自然月，该交易在调查月内达成且未发生撤销，即可认为买卖双方结合当期市场情况，对交易的价格是认可的，所以该交易数据是能够代表调查月市场交易价格水平的。买卖双方在后期发生交易撤销，多数受预期或市场价格波动影响，反映的是后期的市场情况。故在后期的调查问卷中，统计近三个月成交套数、总成交面积、总成交金额可仍按各月未发生交易撤销前的数据填写。
"
344,HPI,房价调查中，针对问卷中房价变动感受，调查对象认为与前期相比，基本持平、无太多变化时，该如何向其进一步解释说明？,"在与调查对象交流时，注重询问具体数据信息，减少模糊回答或惯性思维引起的误差，针对“差不多”“没什么变化”等模糊回答，可以先询问调查对象当前价格相对一年前、半年前的变动走势，初步判定价格变动方向。之后尽量要求调查对象给出在平时的销售中了解到的本市新房或者二手房不同时期的价格水平，通过具体数值的计算，加强对变动幅度判断的准确性。
"
345,HPI,房价调查中，全市房价变动感受与半年前相比、与一年前相比相差较大或者选项间跳档如何处理？,"一是核实调查对象是否对指标理解有误，将本楼盘（本区域）价格变动当做全市房价变动；调查过程中应当向调查对象强调，价格变动感受需要对全市房地产价格走势进行客观判断，要避免判断过于集中在本项目或本区域。二是核实是否存在调查对象变更等情况，并适时给予一定的指导。
"
346,HPI,房价调查中，重点企业住宅销售价格调查问卷审核方式及内容有哪些？,一是通过现场调研记录时初审，录入数据时复审，报送数据前科室其他业务骨干交叉审核等方法，确保调查问卷各项指标不漏填、不错填、填写规范；二是对问卷数据进行表内审核，如开盘均价是否与房地产管理部门批准销售均价一致，开盘均价与近期项目销售均价关系如何，项目类型填写是否正确，近期项目销售价格变动与该项目优惠措施是否协调，项目销售价格与物业费用、装修标准、成交楼面价、项目容积率等关联指标填写是否协调，对房价变动的感受是否差异过大等，确保问卷数据符合逻辑、填报规范；三是结合同一项目或同一经纪机构的前期问卷，对本月问卷数据进行时间序列审核，指标数据是否变化过大，经纪机构上报的成交套数、总成交面积、总成交金额及汇总的成交均价是否有取整现象，如发现问题应及时向相关企业核实，数据有误的要立即更正并作出更正说明，数据无误的要详细询问变化原因并如实记录。数据更正说明和核实情况应及时上报。
347,HPI,房地产价格调查中，新建网签备案数据中哪些需要标0处理或删除？,"需要标“0”处理的网签备案数据，主要包括团购房、共有产权房、回迁安置房等销售单价明显低于市场价格的新建住宅，以及主管部门明确采用“保护性”网签，但实际未销售的项目。对于滞后网签项目，一般是在对市场和项目比较了解的基础上，特殊问题特殊对待，切勿按照网签滞后时间一刀切对其标“0”，避免出现高价滞后网签项目未被纳入统计致使涨幅丢失，或者正常销售的现售房被删除等情况。
实际操作中，我们一般明确删除的是掺入的写字楼、公寓、研发用房等非住宅性质项目。
"
348,HPI,房价调查中，新建商品住宅和二手住宅网签数据的清洗标准是什么？,目前各城市新建商品住宅和二手住宅的清洗标准每年变动一次。当新建住宅网签数据中各项目各基本分类项目类别标“1”的成交套数小于3套，每套住宅成交均价低于该城市价格下限或高于价格上限时，需要将这部分数据清洗掉，各城市价格上下限由国家统计局城市司每年年初计算下发。二手住宅清洗标准则利用上年全年网签原始数据计算得出，将上年二手住宅网签数据中成交均价为0的数据删除后，计算成交均价的变异系数和分位数，当变异系数小于0.6时，利用上年网签数据成交均价的5%分位数作为本年各月二手住宅的价格清洗下限；当变异系数大于或等于0.6时，利用成交均价的10%分位数作为本年各月二手住宅的价格清洗下限。二手住宅价格清洗上限不作强制性要求，各城市根据实际情况确定是否需要制定清洗上限。
349,HPI,房价调查中，新建商品住宅和二手住宅上期价格缺失时如何增补？,"新建商品住宅中对于间断性销售项目，程序会自动回溯前3个月内离本月最近的成交价格，并按照间隔月份计算平均推算涨幅；若前3个月内均无成交，程序会利用同项目相邻基本分类的推算涨幅作为替代，并利用该涨幅自动增补上期价格。对新开项目和利用上述方法无法追溯到上期价格的项目，程序自动利用六步均价法增补上期价格。
二手住宅如个别统计单位某基本分类存在上期（上月）价格缺失情况，需对该统计单位该分类上期平均价格进行增补，按照以下优先级顺序依次选择合适的增补方法：对该统计单位该基本分类的价格进行回溯，如上月之前两个月内有价格数据，则使用距本月最近的一期价格数据计算各月平均涨幅，据此增补上期价格；根据同一统计单位中其他分类的价格变动幅度对该分类上期价格进行增补；选取与该统计单位区域、地段、价格相似单位，根据其对应分类价格变动幅度对上期价格进行增补；根据本市重点经纪机构住宅销售价格调查问卷中生产经营情况数据汇总得出的月环比变动幅度对上期价格进行增补。"
350,HPI,房价调查中，如何对经纪机构或房屋居住服务平台上报数据进行核查？,"要求选中的经纪机构或房屋居住服务平台等相关企业提供二手房交易合同等证明文件，对按照片区、街区等非单套成交样本进行统计的，要求中介企业提供该片区成交明细，加总计算成交金额和面积，与抽选的上报记录进行对照，记录对比结果。必要时应要求中介企业提供系统后台数据，用以辅助核验。
"
351,HPI,房价调查中，房地产价格调查企业统计人员变动频繁如何处理？,"房价调查企业出现人员变动时，应及时上门对新上任统计人员开展面对面现场培训。报表审核时通过电话、微信等方式结合问题进行针对性跟踪指导。同时要求企业做好房价调查档案、价格资料交接工作，以老带新提高新上岗统计人员的业务能力。
"
352,HPI,房价调查中，季度联审是如何组织实施的？,"国家统计局城市司负责房价统计数据季度联审制度的建立与具体实施工作。各调查总队配合开展相关工作，并督促市调查队具体落实联审要求。各调查总队和城市调查队应充分认识房价统计工作的重要性和复杂性，不断增强责任感和使命感，加强协作，共担重任，切实做好房价数据季度联审工作，不得推诿、避审。联审工作纳入房价统计工作业务考核范围。
"
353,HPI,房价调查中，季度联审依据有哪些？,"（1）《房地产价格统计报表制度》；
（2）全国价格调查统计工作会议与全国房价统计调查培训班相关要求；
（3）宏观经济形势、房地产市场调控政策、房地产开发投资销售情况和土拍情况等相关资料；
（4）重点城市房地产市场实地调研等情况。
"
354,HPI,房价调查中，新增城市中，二手网签数据数量较少且质量较低的情况下，数据质量审核重点有哪些？,"一是每月严格按照制度方法走访代表性强的二手中介门店，详细调查二手房价格整体走势、同套房挂牌单价波动情况、买卖双方购置和销售心态、各小区不同户型以及电梯与步梯小区价格对比等数据资料，形成整体和局部市场预判。二是结合权威二手房交易平台，对各片区具有代表性楼盘月度价格走势进行详细记录，制作各分类下代表性楼盘环比价格走势台账。三是深挖二手网签数据，汇总本月与上月数据，按照各区和地址排序，精准定位同小区同分类价格环比走势。四是在确保月度调查问卷数据准确基础上，详细了解各月价格可比性，有效利用问卷环比指数，切实为各区三大分类评估存依据、打基础。
"
355,HPI,国家统计局发布的商品住宅销售价格指数与社会机构编制房价指数区别？,"国家统计局发布的商品住宅销售价格指数属于政府统计，社会机构编制指数属于非政府统计。商品住宅销售价格指数旨在反映一定时期内相关城市房价的总体变动情况，主要是对各城市的市辖区（不包括县）商品住宅进行统计。价格为买方为取得房地产所有权所支付的实际成交价格，其中新建商品住宅采用当地房地产管理部门的网签数据，二手住宅采用当地房地产经纪机构或房屋居住平台等相关企业上报数据、网签数据作为基础数据。商品住宅销售价格指数按照“同质可比”原则，使用国际通行的价格指数计算方法进行加权计算。一些社会机构利用技术和平台优势，编制和发布各种各样的房价指数，良莠不齐、鱼龙混杂，既造成房地产市场信号混乱，也对政府统计数据的公信力产生影响。
"
